"Cód..Curso","Curso","Aluno","CH.integralizada","Faixa.CH..","CRA","Faixa.CRA","Semestres","Anos","MC","MCN","IEA","IEAN","Amostra"
"31350100","DIREITO - M","59484941a7682504a496340ae257a554","1470","40-60","8,982","8-10","5","2","8,982","627,58","7,397","516,83","197"
"31350100","DIREITO - M","e34abdd87e8cdd6c5022591e29d50642","1620","40-60","8,48","8-10","5","2","8,48","493,666","7,696","448,033","197"
"31350100","DIREITO - M","67a08fd2745b9c155da5d05d3778b8d6","1620","40-60","9,194","8-10","5","2","9,194","684,349","8,345","621,09","197"
"31350100","DIREITO - M","c2a5ca59b04300cc46c3a6d8f0c662d5","1620","40-60","8,756","8-10","5","2","8,756","567,272","7,946","514,835","197"
"31350100","DIREITO - M","5ebf4bc4c6da5c6c0086a5b11a98f538","1620","40-60","8,057","8-10","5","2","8,057","381,035","7,313","345,813","197"
"31350100","DIREITO - M","d7c4db85d2b68108d72f9f477852848a","1620","40-60","8,435","8-10","5","2","8,435","481,81","7,655","437,273","197"
"31350100","DIREITO - M","9eda76a3f8d9c54c6ee57b6c66624463","1620","40-60","8,404","8-10","5","2","8,404","473,412","7,627","429,651","197"
"31350100","DIREITO - M","aecf188e88c0715d7d7dbbedfb6e1b16","1620","40-60","8,724","8-10","5","2","8,724","558,874","7,918","507,213","197"
"31350100","DIREITO - M","a0d88f68eb63488df3981258fe1d7a69","1470","40-60","9,312","8-10","5","2","9,312","715,773","7,669","589,46","197"
"31350100","DIREITO - M","0bac927d3caa6aec5f6bda9e944f1f4f","1620","40-60","8,73","8-10","5","2","8,73","560,356","7,923","508,558","197"
"31350100","DIREITO - M","f294ad0f7be2961bd03fe7c0290eab45","1620","40-60","8,437","8-10","5","2","8,437","482,304","7,657","437,721","197"
"31350100","DIREITO - M","58daebce3eaab17fdfbdaae81c4769cd","1695","40-60","8,293","8-10","5","2","8,34","456,521","7,289","398,977","197"
"31350100","DIREITO - M","e210294de8c6b1afe03bb7a54d58c5e0","1680","40-60","8,488","8-10","5","2","8,556","513,977","7,477","449,19","197"
"31350100","DIREITO - M","e62ad3bc027bddec60dff19774ee008d","1620","40-60","8,948","8-10","5","2","8,948","618,647","8,121","561,462","197"
"31350100","DIREITO - M","ace6ae7bca6450508e177052a8118552","1620","40-60","8,043","8-10","5","2","8,043","377,083","7,299","342,226","197"
"31350100","DIREITO - M","177263ca5eee679f3457fa1a34c3f1ab","1620","40-60","8,563","8-10","5","2","8,563","515,896","7,771","468,208","197"
"31350100","DIREITO - M","fe7a94bdb2caea9f27a56bd0abca1cfd","1620","40-60","8,97","8-10","5","2","8,97","624,575","8,141","566,842","197"
"31350100","DIREITO - M","adbbe605def20c7a1682d7bb407300b6","1620","40-60","8,544","8-10","5","2","8,544","510,956","7,755","463,725","197"
"31350100","DIREITO - M","64c792786b2656ff387c9b4a7530c634","1620","40-60","8,641","8-10","5","2","8,641","536,644","7,842","487,038","197"
"31350100","DIREITO - M","54e5a2ded09b615db955dd932046bb2b","1620","40-60","7,554","6-8","5","2","7,744","297,364","6,247","239,89","197"
"31350100","DIREITO - M","132458b0e518b68c673290fd04d31ebf","1620","40-60","9,361","8-10","5","2","9,35","725,845","7,857","609,954","197"
"31350100","DIREITO - M","3d0180f4d458b867e7ecbf3a9c62611f","1620","40-60","7,678","6-8","5","2","7,619","264,147","6,659","230,851","197"
"31350100","DIREITO - M","7a4b37b776d1f49d5f5a64dd57a34b7b","1680","40-60","8,566","8-10","5","2","8,576","519,354","7,783","471,346","197"
"31350100","DIREITO - M","47cf8dfd25b1ed260c932e93a6632848","1410","20-40","8,949","8-10","5","2","8,938","615,881","6,472","445,971","197"
"31350100","DIREITO - M","7b663bebd2cac847cedbaaba6d64f520","1620","40-60","8,235","8-10","5","2","8,235","428,458","7,474","388,853","197"
"31350100","DIREITO - M","167cf59d0bd25c0e79069d87c61c78cc","1410","20-40","8,826","8-10","5","2","8,84","589,798","6,401","427,084","197"
"31350100","DIREITO - M","3d23cc8925e40ffd1d733ab55fcc9cb0","1530","40-60","8,786","8-10","5","2","8,811","581,965","6,96","459,704","197"
"31350100","DIREITO - M","ff52e521d5055eb54591233061c12537","1620","40-60","8,678","8-10","5","2","8,678","546,524","7,876","496,005","197"
"31350100","DIREITO - M","4a18e23f04e0116145971eaebc107ee8","1620","40-60","8,215","8-10","5","2","8,165","409,838","7,136","358,178","197"
"31350100","DIREITO - M","d69cc67af6ceceb210e6d8ba01257f12","1620","40-60","8,62","8-10","5","2","8,62","531,21","7,824","482,106","197"
"31350100","DIREITO - M","401edb57838020b441a645d2ab138088","1620","40-60","8,117","8-10","5","2","8,117","396,843","7,366","360,16","197"
"31350100","DIREITO - M","3bf9daced7d29d7e63b73852774185da","1830","40-60","8,548","8-10","5","2","8,548","511,782","8,763","524,684","197"
"31350100","DIREITO - M","80dbdf41cab3032e71d71527433939a1","1620","40-60","8,587","8-10","5","2","8,587","522,318","7,793","474,036","197"
"31350100","DIREITO - M","c1074f8770e5abf25cc72867fd7d4c25","1620","40-60","8,485","8-10","5","2","8,485","495,148","7,701","449,378","197"
"31350100","DIREITO - M","d4e3106730b538a534658ecf44630d23","1620","40-60","8,987","8-10","5","2","8,987","629,021","8,156","570,877","197"
"Cód. Curso","Curso","d3e803987dbd1320ba6f64f3e39f3222","CH integralizada","Faixa CH %","CRA","Faixa CRA","Semestres","Anos","MC","MCN","IEA","IEAN","Amostra"
"31350100","DIREITO - M","85f0de80bdcf669edab5837e8a9b1ba6","1620","40-60","8,783","8-10","5","2","8,783","574,682","7,971","521,56","197"
"31350100","DIREITO - M","3b856ecb56fd11c02cae546984186d76","1410","20-40","7,804","6-8","5","2","7,804","313,555","5,651","227,051","197"
"31350100","DIREITO - M","1811b2c0e66d03874dd8387b734ea062","1260","20-40","6,904","6-8","5","2","8,876","599,452","4,873","329,111","197"
"31350100","DIREITO - M","6d9ab1f9532ac11da9eff06d88ddeb7c","1695","40-60","8,477","8-10","5","2","8,49","496,535","7,42","433,947","197"
"31350100","DIREITO - M","7853ebc3f46a533c3fc346ae576a746f","1320","20-40","9,084","8-10","4","2","9,084","654,911","8,397","605,38","197"
"31350100","DIREITO - M","3ae3532b8422ffce0647fb1a1ffb72a0","1320","20-40","8,827","8-10","4","2","8,827","586,403","8,16","542,053","197"
"31350100","DIREITO - M","4ae4464e15c67891874db9c3784189c5","0","0-20","0,0","0-2","4","2","","","","","197"
"31350100","DIREITO - M","a07ef276739cffb3b62e6c260c4e9d52","870","20-40","8,586","8-10","4","2","8,586","522,096","6,321","384,351","197"
"31350100","DIREITO - M","d2bd21338b9e4ff5cc4aec68518f8dec","960","20-40","6,605","6-8","4","2","9,081","654,153","4,44","319,831","197"
"31350100","DIREITO - M","a8b191624612fc17053af82ba13b6fab","1320","20-40","9,268","8-10","4","2","9,329","720,129","8,231","635,408","197"
"31350100","DIREITO - M","59c6eab0f6092b02f565a58f1744dfdb","1320","20-40","8,882","8-10","4","2","8,882","600,953","8,21","555,503","197"
"31350100","DIREITO - M","b6f0b8e22493d2637c3528868ff840c2","960","20-40","6,177","6-8","4","2","8,494","497,433","4,153","243,206","197"
"31350100","DIREITO - M","443ecdc84dd93bbae5c9e8f42e50e568","1320","20-40","9,423","8-10","4","2","9,423","745,245","8,71","688,882","197"
"31350100","DIREITO - M","30e98addf0f4d9c19df08e96cd32fd02","1410","20-40","8,721","8-10","4","2","8,612","529,029","7,418","455,676","197"
"31350100","DIREITO - M","858ce4adafd6c0db7b2035074fa56ff6","1320","20-40","9,17","8-10","4","2","9,17","677,95","8,477","626,676","197"
"31350100","DIREITO - M","545932bd1b9bb73a2c19872f1e86174b","1230","20-40","8,459","8-10","4","2","8,432","481,076","6,218","354,769","197"
"31350100","DIREITO - M","6c825ed484802e4e714a6766410cf59e","1320","20-40","8,345","8-10","4","2","8,345","457,874","7,714","423,245","197"
"31350100","DIREITO - M","be77bcf73e5ee2a744ece70c58d07505","570","0-20","8,521","8-10","4","2","8,521","504,716","1,616","95,695","197"
"31350100","DIREITO - M","2c9a5612135d3915a0228045187f2008","1320","20-40","8,655","8-10","4","2","8,71","554,992","7,685","489,699","197"
"31350100","DIREITO - M","8c200e8799d789db69e5c56e5ee2f5bc","1320","20-40","8,559","8-10","4","2","8,559","514,863","7,912","475,924","197"
"31350100","DIREITO - M","03792892a32c78cf7d4527657c6ff3f7","1320","20-40","9,252","8-10","4","2","9,252","699,775","8,553","646,851","197"
"31350100","DIREITO - M","603e48a94a66b6e8559f142c149dacc4","1320","20-40","8,736","8-10","4","2","8,736","562,152","8,076","519,636","197"
"31350100","DIREITO - M","59228d7e060d8044574ba888ddd8c40c","1320","20-40","8,866","8-10","4","2","8,866","596,709","8,195","551,58","197"
"31350100","DIREITO - M","ffd1729481b4dfb1784956902f4b1a55","1320","20-40","9,055","8-10","4","2","9,055","647,03","8,37","598,095","197"
"31350100","DIREITO - M","d8e539f0fbb32356067711dcdb64fd85","1320","20-40","9,305","8-10","4","2","9,305","713,719","8,601","659,741","197"
"31350100","DIREITO - M","47eb2a00accd40792b16c51c72020db5","1320","20-40","8,259","8-10","4","2","8,259","434,835","7,634","401,949","197"
"31350100","DIREITO - M","b45ce8f84ebc9c20442f33c27f89cff2","1320","20-40","9,205","8-10","4","2","9,205","687,044","8,508","635,082","197"
"31350100","DIREITO - M","aeb085f3f053fe3598f2cfb4a298bfd9","1320","20-40","8,673","8-10","4","2","8,673","545,177","8,017","503,945","197"
"31350100","DIREITO - M","d6db614f3ee2b0dad925b271e65f944b","1320","20-40","9,03","8-10","4","2","9,03","640,361","8,347","591,93","197"
"31350100","DIREITO - M","0cd646babbeabba6943d703bff1c9181","1320","20-40","8,689","8-10","4","2","8,689","549,42","8,032","507,868","197"
"31350100","DIREITO - M","582d66225b8110ab304f72f75f3fe1a8","1260","20-40","8,424","8-10","4","2","8,424","478,776","7,433","422,449","197"
"31350100","DIREITO - M","506bf5a317679d574573294d00f6550e","1260","20-40","8,462","8-10","4","2","8,462","488,938","7,466","431,416","197"
"31350100","DIREITO - M","ece4f65c3111e46d7cfbc2e60f44754b","0","0-20","0,0","0-2","3","1","","","","","197"
"31350100","DIREITO - M","e797c33af12c28917bfe8f1a693b4ec5","960","20-40","9,384","8-10","3","1","9,384","735,015","8,412","658,837","197"
"31350100","DIREITO - M","16022e9e97daa55d5fe52f0ba984a753","960","20-40","9,569","8-10","3","1","9,569","784,198","8,577","702,923","197"
"31350100","DIREITO - M","c83018f3eab4ff4a39154597ae6e0c18","960","20-40","8,378","8-10","3","1","8,378","466,589","7,51","418,231","197"
"Cód. Curso","Curso","d3e803987dbd1320ba6f64f3e39f3222","CH integralizada","Faixa CH %","CRA","Faixa CRA","Semestres","Anos","MC","MCN","IEA","IEAN","Amostra"
"31350100","DIREITO - M","2902d2a8a8b29373a42e91d450f48344","960","20-40","8,194","8-10","3","1","8,194","417,405","7,345","374,145","197"
"31350100","DIREITO - M","ee209ad5cbbfaed8a4d296bfb55713af","960","20-40","8,341","8-10","3","1","8,341","456,585","7,476","409,264","197"
"31350100","DIREITO - M","6bf97423b36c6fcdd5930ad01a9d09c0","960","20-40","9,178","8-10","3","1","9,178","679,996","8,227","609,52","197"
"31350100","DIREITO - M","90209ac1e4e2a41cdeac2f66f47660c8","960","20-40","8,662","8-10","3","1","8,662","542,448","7,765","486,228","197"
"31350100","DIREITO - M","1674405eb44e32e7faa9c5a0980a0097","960","20-40","8,822","8-10","3","1","8,822","584,963","7,908","524,337","197"
"31350100","DIREITO - M","d12ac907fb6601b6fbe1320dc00245b8","960","20-40","9,088","8-10","3","1","9,088","655,821","8,146","587,851","197"
"31350100","DIREITO - M","8a21a9a799f0a4c19e8210fbf55815d9","960","20-40","8,762","8-10","3","1","8,762","569,124","7,854","510,139","197"
"31350100","DIREITO - M","58116f4815d8189fd58f794238807529","960","20-40","8,122","8-10","3","1","8,227","426,254","5,992","310,437","197"
"31350100","DIREITO - M","019fe6afac6e1b930af5858e3c75c3a7","960","20-40","8,803","8-10","3","1","8,803","579,961","7,891","519,853","197"
"31350100","DIREITO - M","84ad4f519c4f12b5e0b3319c7cbf59c8","960","20-40","8,703","8-10","3","1","8,703","553,285","7,801","495,942","197"
"31350100","DIREITO - M","df1f446e598309eed2f171c8efe63dd3","870","20-40","7,323","6-8","3","1","7,828","319,728","5,588","228,241","197"
"31350100","DIREITO - M","111bd126de4f5d942cbdc608c9dcc35d","960","20-40","9,103","8-10","3","1","9,103","659,989","8,16","591,587","197"
"31350100","DIREITO - M","589f3bcba50789ad0f7b2205e760370b","1275","20-40","9,025","8-10","3","1","9,404","740,343","9,088","715,457","197"
"31350100","DIREITO - M","b611e59729064bde24f39c4d931de1b1","960","20-40","8,209","8-10","3","1","8,209","421,573","7,359","377,881","197"
"31350100","DIREITO - M","4b9cf62addd508206a7b384dfd81642b","960","20-40","8,575","8-10","3","1","8,575","519,107","7,686","465,306","197"
"31350100","DIREITO - M","aea192967a55047824f08cff51623c7a","960","20-40","8,816","8-10","3","1","8,816","583,296","7,902","522,842","197"
"31350100","DIREITO - M","aca76e7fd89e375fbceac555b890f81e","960","20-40","9,397","8-10","3","1","9,397","738,349","8,423","661,826","197"
"31350100","DIREITO - M","4083f8b8d68991095a7556986fe7fee5","60","0-20","1,782","0-2","3","1","8,0","365,721","0,103","4,728","197"
"31350100","DIREITO - M","141d1464490d5cce5a63e1e9f48861a0","960","20-40","8,788","8-10","3","1","8,788","575,793","7,877","516,117","197"
"31350100","DIREITO - M","1d042d6cc75cc1511bd8e13eeeac3326","630","0-20","5,819","4-6","3","1","8,867","596,912","3,423","230,425","197"
"31350100","DIREITO - M","a3d341c10ced401df7254517e278a433","960","20-40","8,472","8-10","3","1","8,472","491,597","7,594","440,648","197"
"31350100","DIREITO - M","236a6a8ffb3418139047277e45368618","0","0-20","0,0","0-2","3","1","","","","","197"
"31350100","DIREITO - M","13b3704b37fe45a26b689e3d0b54a167","960","20-40","8,7","8-10","3","1","8,7","552,452","7,798","495,195","197"
"31350100","DIREITO - M","3f2f77b019b46ca70dc8b64a4b184a2a","1875","40-60","8,359","8-10","3","1","8,979","626,863","9,557","667,25","197"
"31350100","DIREITO - M","47eddcd8469fac2a6cc10d884dae9f45","960","20-40","8,656","8-10","3","1","8,656","540,781","7,759","484,734","197"
"31350100","DIREITO - M","4d9fca182c6658f204aeb6e9fad8e8f9","960","20-40","8,744","8-10","3","1","8,744","564,122","7,838","505,656","197"
"31350100","DIREITO - M","f99f137280f16d8f964d975579d9a502","960","20-40","8,606","8-10","3","1","8,606","527,443","7,714","472,778","197"
"31350100","DIREITO - M","9a3ab17f03e698181a09c457ff44d4f5","960","20-40","8,816","8-10","3","1","8,816","583,296","7,902","522,842","197"
"31350100","DIREITO - M","c4c0081c13128377d571100e47293530","960","20-40","9,219","8-10","3","1","9,219","690,833","8,263","619,234","197"
"31350100","DIREITO - M","1a9240b031ef34f799fac8f8cc76a09f","2940","80-100","8,868","8-10","3","1","8,842","590,36","9,412","628,394","197"
"31350100","DIREITO - M","c5aeadab183d6b3793090c4a1a2b8905","3150","80-100","8,87","8-10","3","1","8,88","600,468","11,193","756,893","197"
"31350100","DIREITO - M","4dc962fac04ed1da362345964519922d","2940","80-100","8,054","8-10","3","1","7,989","362,913","8,504","386,294","197"
"31350100","DIREITO - M","8c3a01f72cb1f1f2d0017f3466f3c144","2940","80-100","8,124","8-10","3","1","8,232","427,496","8,762","455,038","197"
"31350100","DIREITO - M","e9de20eb5c544dc37b4c0b5a697c313c","2640","60-80","8,998","8-10","3","1","9,145","671,159","10,246","751,999","197"
"31350100","DIREITO - M","9ac6e692b42844043a4789f8caa3dbce","2835","60-80","9,013","8-10","3","1","9,17","677,766","11,045","816,357","197"
"31350100","DIREITO - M","76956d55f3ee8e832fe42ca266db0932","2565","60-80","8,901","8-10","3","1","9,006","633,961","9,081","639,289","197"
"Cód. Curso","Curso","d3e803987dbd1320ba6f64f3e39f3222","CH integralizada","Faixa CH %","CRA","Faixa CRA","Semestres","Anos","MC","MCN","IEA","IEAN","Amostra"
"31350100","DIREITO - M","b73d4c8a25938848a2138dbe305e857b","2565","60-80","8,995","8-10","3","1","8,878","599,876","8,952","604,916","197"
"31350100","DIREITO - M","68940ffb15628f920e1474bba65f440b","2565","60-80","8,043","8-10","3","1","8,339","456,122","8,182","447,524","197"
"31350100","DIREITO - M","6b0727f820b1283702424c55c62604f6","630","0-20","8,795","8-10","2","1","8,795","577,857","7,761","509,874","197"
"31350100","DIREITO - M","774e3e63ab83205cd9733efaa33165ab","630","0-20","8,029","8-10","2","1","8,029","373,342","7,084","329,42","197"
"31350100","DIREITO - M","9739b4e63cf2895c32cd6c6a37b27c70","0","0-20","0,0","0-2","2","1","","","","",""
"31350100","DIREITO - M","d8d30472f5addf2b98896e28968de01a","630","0-20","8,59","8-10","2","1","8,59","523,235","7,58","461,678","197"
"31350100","DIREITO - M","cb3eb504ae9fe51b42607708dbf17cec","630","0-20","9,262","8-10","2","1","9,262","702,345","8,172","619,716","197"
"31350100","DIREITO - M","2f08d90588d4986c182fe88e6d77753d","240","0-20","8,725","8-10","2","1","8,4","472,424","0,565","31,76","197"
"31350100","DIREITO - M","13cf970f32b07ca85abe60cf6a13b42d","630","0-20","9,41","8-10","2","1","9,41","741,723","8,303","654,462","197"
"31350100","DIREITO - M","0443ca08e6a6bd650e120f26e85931cb","630","0-20","8,324","8-10","2","1","8,324","452,1","7,345","398,911","197"
"31350100","DIREITO - M","7b9e8f2560646a00866b7b808fb42f70","630","0-20","8,476","8-10","2","1","8,476","492,749","7,479","434,778","197"
"31350100","DIREITO - M","d5d31c78f8190b9e0a43038aefec3c75","510","0-20","8,084","8-10","2","1","8,659","541,468","5,534","346,051","197"
"31350100","DIREITO - M","48d1ec7f9851f8362f23c4eacf60dc99","0","0-20","0,0","0-2","2","1","","","","",""
"31350100","DIREITO - M","3d4ff66cd9a0574c2d504bf03cf4b37e","570","0-20","8,116","8-10","2","1","8,116","396,609","6,479","316,62","197"
"31350100","DIREITO - M","caec6e15f80324aa47c06ceb427d72df","330","0-20","9,209","8-10","2","1","9,209","688,256","2,229","166,625","197"
"31350100","DIREITO - M","02101352c9a159294490b1c654069cd1","630","0-20","9,148","8-10","2","1","9,148","671,858","8,071","592,816","197"
"31350100","DIREITO - M","d848fbd50cc56eb2202217af97219f9f","60","0-20","2,089","2-4","2","1","6,2","-114,445","0,047","-0,874","197"
"31350100","DIREITO - M","3eaed5b02306a2c6a0d6febc24d101cc","630","0-20","8,795","8-10","2","1","8,795","577,857","7,761","509,874","197"
"31350100","DIREITO - M","33d57c26d3da8b7b41e09b899cca62c9","630","0-20","8,638","8-10","2","1","8,638","535,938","7,622","472,887","197"
"31350100","DIREITO - M","6cdd2f5741ea9c04a3ef6e9453dce670","630","0-20","8,705","8-10","2","1","8,705","553,722","7,681","488,578","197"
"31350100","DIREITO - M","f2b0ee4458a71e9244ab0a3c03f76630","630","0-20","8,786","8-10","2","1","8,786","575,317","7,752","507,632","197"
"31350100","DIREITO - M","6ec6e8a360530172a7f5f1d7dc2a0756","690","0-20","8,309","8-10","2","1","8,453","486,547","6,038","347,533","197"
"31350100","DIREITO - M","6b7808158598c2d9414f47e5d076856b","630","0-20","8,229","8-10","2","1","8,229","426,694","7,261","376,495","197"
"31350100","DIREITO - M","b30c9751eb7373519547304e726d69e8","0","0-20","0,0","0-2","2","1","","","","","197"
"31350100","DIREITO - M","ef7c6fbd1bcb9ad6a15dca5dcbb2b155","630","0-20","8,605","8-10","2","1","8,605","527,046","7,592","465,041","197"
"31350100","DIREITO - M","a577e81350caf322fe998821aee51435","630","0-20","8,757","8-10","2","1","8,757","567,695","7,727","500,907","197"
"31350100","DIREITO - M","d71648f5e41bd0450d6d96a916c55195","630","0-20","8,352","8-10","2","1","8,352","459,721","7,37","405,636","197"
"31350100","DIREITO - M","5126845e356a567764f22abd99cf0b86","0","0-20","0,0","0-2","2","1","","","","","197"
"31350100","DIREITO - M","f9b95bab789d1fe4340b49e137ee254a","570","0-20","7,629","6-8","2","1","8,432","480,848","6,09","347,311","197"
"31350100","DIREITO - M","707c7c407b7f5849fd2207cc442dbec4","630","0-20","8,881","8-10","2","1","8,881","600,722","7,836","530,049","197"
"31350100","DIREITO - M","b8bc4c4f94f7f4cc8de7c7ec4ea206fc","570","0-20","7,271","6-8","2","1","8,037","375,549","5,805","271,255","197"
"31350100","DIREITO - M","86ed29717920cb21c69392929c62e3ec","630","0-20","8,524","8-10","2","1","8,524","505,451","7,521","445,987","197"
"31350100","DIREITO - M","8116593eab544a06ba1672879772815f","0","0-20","0,0","0-2","2","1","","","","","197"
"31350100","DIREITO - M","7a0ecf1901145f7dc7b162e6ee80ca72","630","0-20","8,752","8-10","2","1","8,752","566,425","7,723","499,787","197"
"31350100","DIREITO - M","e1fdad82de6f4abab8fe2568b46dcdcf","630","0-20","8,829","8-10","2","1","8,829","586,749","7,79","517,72","197"
"31350100","DIREITO - M","62b282baf58b0cf80987263e47aaf83e","750","20-40","8,424","8-10","2","1","8,55","512,438","5,748","344,496","197"
"Cód. Curso","Curso","d3e803987dbd1320ba6f64f3e39f3222","CH integralizada","Faixa CH %","CRA","Faixa CRA","Semestres","Anos","MC","MCN","IEA","IEAN","Amostra"
"31350100","DIREITO - M","af5356ab20a750d09915def970638bf7","630","0-20","9,029","8-10","2","1","9,029","640,101","7,966","564,795","197"
"31350100","DIREITO - M","df7d1835eecc6415ed3b84fc9fa487e7","330","0-20","9,264","8-10","1","0","9,264","702,807","8,563","649,653","197"
"31350100","DIREITO - M","0dc4fee0cc22ea0469a21c202c68dc73","0","0-20","0,0","0-2","1","0","","","","",""
"31350100","DIREITO - M","ea39580ad245bde1f3518c91ced28d84","330","0-20","9,009","8-10","1","0","9,009","634,904","8,328","586,886","197"
"31350100","DIREITO - M","68470a23eb72c3a704c763f9395b49b5","330","0-20","9,027","8-10","1","0","9,027","639,755","8,345","591,37","197"
"31350100","DIREITO - M","9dc9099ae1c5b0c3d58b91da8775fbf7","330","0-20","8,509","8-10","1","0","8,509","501,525","7,866","463,595","197"
"31350100","DIREITO - M","972dca6fc63a501ae572c7f0c0a062e4","330","0-20","8,2","8-10","1","0","8,2","419,072","7,58","387,378","197"
"31350100","DIREITO - M","de91e82498a9e067ce38f8d06490fcaf","330","0-20","8,945","8-10","1","0","8,945","617,929","8,269","571,195","197"
"31350100","DIREITO - M","de59ace6286caa5a6c7a5ff1c72a1b77","0","0-20","0,0","0-2","1","0","","","","","197"
"31350100","DIREITO - M","b6ed5aa18cc5d4f0c574814a11ebaaa2","0","0-20","0,0","0-2","1","0","","","","","197"
"31350100","DIREITO - M","cd856e4cb4279c9920ce0225cd9e20b9","330","0-20","8,8","8-10","1","0","8,8","579,128","8,134","535,328","197"
"31350100","DIREITO - M","3298d244ffa288fa10a3f158223a4f68","330","0-20","8,855","8-10","1","0","8,855","593,678","8,185","548,778","197"
"31350100","DIREITO - M","b99a164c781bc6d473bfbe01fb7e0d14","330","0-20","9,0","8-10","1","0","9,0","632,479","8,319","584,645","197"
"31350100","DIREITO - M","f1b9f1daf56785c48a7ac0494fbd06e8","330","0-20","8,509","8-10","1","0","8,509","501,525","7,866","463,595","197"
"31350100","DIREITO - M","ffa90669beede9cb9793cb6e29c83cd9","330","0-20","8,164","8-10","1","0","8,164","409,372","7,546","378,411","197"
"31350100","DIREITO - M","4ffc6007437a68754b127e4f31a7ebb2","330","0-20","9,318","8-10","1","0","9,318","717,357","8,613","663,103","197"
"31350100","DIREITO - M","af7b2f84c334335d7222e0311dd97225","330","0-20","8,782","8-10","1","0","8,782","574,277","8,118","530,845","197"
"31350100","DIREITO - M","ff65f530a5db8f7b45a2fb613e018397","0","0-20","0,0","0-2","1","0","","","","","197"
"31350100","DIREITO - M","6209643506f460a40cbe282dfccec0d1","0","0-20","0,0","0-2","1","0","","","","",""
"31350100","DIREITO - M","e5292399ede479c90ed12d0027c56684","330","0-20","8,509","8-10","1","0","8,509","501,525","7,866","463,595","197"
"31350100","DIREITO - M","02eac21394e566b7e234fe0585d64acd","330","0-20","8,427","8-10","1","0","8,427","479,699","7,79","443,42","197"
"31350100","DIREITO - M","5023539ba8b54daa5809699d79a27d7d","330","0-20","8,191","8-10","1","0","8,191","416,647","7,571","385,136","197"
"31350100","DIREITO - M","be0c4a97d5cb85d4d731da3ad8c093cd","0","0-20","0,0","0-2","1","0","","","","","197"
"31350100","DIREITO - M","19c4b0111ac37af04bfc7483e2444ff0","330","0-20","9,227","8-10","1","0","9,227","693,106","8,529","640,686","197"
"31350100","DIREITO - M","38f8f422f4ccf8a100c4d0508ae63480","330","0-20","9,155","8-10","1","0","9,155","673,706","8,462","622,753","197"
"31350100","DIREITO - M","d0fb982549c22ad07de7f3f9b76d1b26","330","0-20","8,882","8-10","1","0","8,882","600,953","8,21","555,503","197"
"31350100","DIREITO - M","4002769949863b95d1e15fd08cd6880d","330","0-20","8,136","8-10","1","0","8,136","402,097","7,521","371,686","197"
"31350100","DIREITO - M","e4ca3c632aec7567c465ae6e2ca57a78","330","0-20","9,255","8-10","1","0","9,255","700,382","8,555","647,412","197"
"31350100","DIREITO - M","7faff42d22e270f0f3d9c6babe5e4086","330","0-20","8,782","8-10","1","0","8,782","574,277","8,118","530,845","197"
"31350100","DIREITO - M","f60c36fc0cb94491054f95fdfa7120b5","330","0-20","8,636","8-10","1","0","8,636","535,476","7,983","494,978","197"
"31350100","DIREITO - M","abc81287bc14094f5b0097a69b07363c","330","0-20","8,827","8-10","1","0","8,827","586,403","8,16","542,053","197"
"31350100","DIREITO - M","d3f1920b6458eea2f15c87583ad97447","0","0-20","0,0","0-2","1","0","","","","",""
"31350100","DIREITO - M","915ed5530410e8d2b785a446babb391c","330","0-20","8,5","8-10","1","0","8,5","499,1","7,857","461,353","197"
"31350100","DIREITO - M","ed61bbf839a92d8fe70cd9d9dbd2708c","330","0-20","8,018","8-10","1","0","8,018","370,571","7,412","342,544","197"
"31350100","DIREITO - M","2ee5b9fa0ef617513b6c8646e25f6490","330","0-20","8,518","8-10","1","0","8,518","503,95","7,874","465,836","197"
"31350100","DIREITO - M","fa72dd4fca0cd46d45fc16d1df66c391","330","0-20","8,545","8-10","1","0","8,545","511,225","7,899","472,561","197"
"Cód. Curso","Curso","d3e803987dbd1320ba6f64f3e39f3222","CH integralizada","Faixa CH %","CRA","Faixa CRA","Semestres","Anos","MC","MCN","IEA","IEAN","Amostra"
"31350100","DIREITO - M","6414d1d3c333d1918ada1906deb025a9","1860","40-60","8,384","8-10","1","0","8,483","494,654","8,555","498,811","197"
"31350100","DIREITO - M","b94891e3b23c13f3d129c406329a7a5e","2490","60-80","8,899","8-10","1","0","9,011","635,287","14,387","1014,324","197"
"31350100","DIREITO - M","ba884a24351d3b87d9ef0c8351debb1b","1830","40-60","7,928","6-8","1","0","8,533","507,992","8,605","512,261","197"
"31350100","DIREITO - M","32e03505c01301128d68fac8b2e5a9f7","2400","60-80","8,806","8-10","1","0","9,162","675,571","10,008","738,019","197"
"31350100","DIREITO - M","79f5795828bbb1145cd4e7cdf5bd18fb","2355","60-80","8,596","8-10","1","0","8,577","519,62","9,37","567,652","197"
"31350100","DIREITO - M","e12cdd9ab920dd96abc80e96ff4a78e3","2220","60-80","9,247","8-10","1","0","9,508","767,911","10,387","838,894","197"
"31350100","DIREITO - M","514d9ee790069db75c373482faa91bbd","2490","60-80","8,669","8-10","1","0","9,027","639,593","11,378","806,21","197"
"31350100","DIREITO - M","1a014988f3a5d4a6d419bf9d04fc98e8","2190","60-80","8,667","8-10","1","0","9,215","689,935","10,067","753,711","197"
"31350100","DIREITO - M","6a225a41c827e0945e3f5df3a141861e","1560","40-60","7,823","6-8","1","0","7,785","308,265","8,504","336,76","197"
"31350100","DIREITO - M","e13885b0dbd5a92eb123750b25324619","1500","40-60","8,91","8-10","1","0","9,192","683,779","10,042","746,986","197"
"31350100","DIREITO - M","ac859c06f2e4d88e0b7b7b4714dfbe49","2790","60-80","5,684","4-6","26","13","8,098","391,992","1,538","74,443","197"
"31350100","DIREITO - M","c02ce0544c9980dd895cdea7e816beb0","630","0-20","2,802","2-4","10","5","8,271","438,127","0,391","20,736","197"
"31350100","DIREITO - M","70f4929a436e6f00ebe58c0ff54e8a41","3300","80-100","8,455","8-10","10","5","8,455","486,975","7,164","412,633","197"
"31350100","DIREITO - M","c83d645c28c5c5a979394b3ce64a06e3","3270","80-100","8,582","8-10","9","4","8,582","520,881","8,734","530,122","197"
"31350100","DIREITO - M","1e2e69ebc0ae5be4d49e83172186a7db","3270","80-100","8,121","8-10","9","4","8,123","398,629","8,116","398,257","197"
"31350100","DIREITO - M","df3d38091970feb34a2cef7e9fbf99d1","3270","80-100","8,706","8-10","9","4","8,706","554,165","8,701","553,834","197"
"31350100","DIREITO - M","21b6aed0f8a18f72088e382724af7873","3270","80-100","8,144","8-10","9","4","8,144","404,144","8,289","411,313","197"
"31350100","DIREITO - M","5b0dc846c5fd0f367ac533b26c5e8430","2820","60-80","7,76","6-8","9","4","7,76","301,585","6,81","264,697","197"
"31350100","DIREITO - M","5bf01f67e1d1163f71ad1d70dfd1382f","3270","80-100","8,798","8-10","9","4","8,798","578,638","8,954","588,903","197"
"31350100","DIREITO - M","80922885c59cef086ef2f15efddaf129","3270","80-100","8,469","8-10","9","4","8,469","490,779","8,619","499,486","197"
"31350100","DIREITO - M","a13a83901fb469643383ef368156613b","3270","80-100","8,576","8-10","9","4","8,576","519,413","8,728","528,627","197"
"31350100","DIREITO - M","9c7b1d1eba250812e38394cb4296c3c6","2910","80-100","9,136","8-10","9","4","9,136","668,781","9,121","667,659","197"
"31350100","DIREITO - M","7b219866211e82cfad7882b27267a708","3270","80-100","8,91","8-10","9","4","8,91","608,496","9,068","619,291","197"
"31350100","DIREITO - M","43e6a38978cbe037abc8f7ab6b8035c0","3150","80-100","8,084","8-10","9","4","8,018","370,62","7,19","332,347","197"
"31350100","DIREITO - M","1379efbf0c6f59f3f8d765f97b3a739d","3270","80-100","8,792","8-10","9","4","8,792","576,925","8,948","587,16","197"
"31350100","DIREITO - M","0c14db61b011e01846f09d6c39913995","3300","80-100","8,837","8-10","9","4","8,863","595,895","8,527","573,291","197"
"31350100","DIREITO - M","b90946c0536ee8312023b38f13452580","3315","80-100","9,501","8-10","9","4","9,521","771,593","9,513","770,872","197"
"31350100","DIREITO - M","10f654e1f92aedbdf3ece359b9fc4836","3270","80-100","8,775","8-10","9","4","8,775","572,52","8,931","582,677","197"
"31350100","DIREITO - M","73d899cacb8de9b4d3d36a2015f1c33c","3345","80-100","8,673","8-10","9","4","8,666","543,477","8,658","542,969","197"
"31350100","DIREITO - M","2977502c2f8bc417521f40ee2251f6d3","3360","80-100","8,18","8-10","9","4","8,142","403,615","8,134","403,239","197"
"31350100","DIREITO - M","b0fac6a90ee29a42086534713061cc5d","3345","80-100","8,024","8-10","9","4","8,032","374,197","8,024","373,848","197"
"31350100","DIREITO - M","ad9531bcd1c4a41a9b45179607cb7455","3270","80-100","8,797","8-10","9","4","8,847","591,576","8,511","569,136","197"
"31350100","DIREITO - M","10db3333d10e1d95095485f65bb14155","3300","80-100","8,18","8-10","9","4","8,18","413,737","8,401","424,94","197"
"31350100","DIREITO - M","ae5eee2f2ad745221372d9a8531bc273","3270","80-100","8,817","8-10","9","4","8,817","583,533","8,973","593,885","197"
"31350100","DIREITO - M","b68bfa8d752a6f6a2150381ccd612926","2715","60-80","8,37","8-10","8","4","8,37","464,318","7,956","441,395","197"
"31350100","DIREITO - M","b50f20b998a5b0317a01241fa892b41e","2595","60-80","7,544","6-8","8","4","7,718","290,473","6,854","257,963","197"
"Cód. Curso","Curso","d3e803987dbd1320ba6f64f3e39f3222","CH integralizada","Faixa CH %","CRA","Faixa CRA","Semestres","Anos","MC","MCN","IEA","IEAN","Amostra"
"31350100","DIREITO - M","d85d5a721f19eb10e0e54656b65c473c","2655","60-80","8,183","8-10","8","4","8,183","414,551","7,439","376,859","197"
"31350100","DIREITO - M","7884f0ae588d8a018dd6d442ca463952","2325","60-80","8,592","8-10","8","4","8,592","523,539","7,993","487,086","197"
"31350100","DIREITO - M","1b91ebbbeb31a196a5ae272c4474e543","2715","60-80","8,076","8-10","8","4","8,076","385,912","7,677","366,859","197"
"31350100","DIREITO - M","05ac5403284f9b5ba21754a36a73969f","2715","60-80","8,677","8-10","8","4","8,685","548,533","8,074","509,929","197"
"31350100","DIREITO - M","51e14c13ee5893d276b9c5bf09d530b7","2715","60-80","8,98","8-10","8","4","8,98","627,174","8,537","596,21","197"
"31350100","DIREITO - M","024098ea56a6d848afcd1b27e836a9c5","2070","40-60","6,287","6-8","8","4","7,08","120,225","4,266","72,44","197"
"31350100","DIREITO - M","760e74cd1a462a7ef3c25577d08117f6","2715","60-80","8,876","8-10","8","4","8,876","599,466","8,438","569,871","197"
"31350100","DIREITO - M","3136513538882d09c98757620af70af3","2715","60-80","8,791","8-10","8","4","8,791","576,622","8,357","548,154","197"
"31350100","DIREITO - M","f5ff8c39528417257d69db6af00c14f7","2715","60-80","9,201","8-10","8","4","9,201","686,126","8,747","652,252","197"
"31350100","DIREITO - M","cede65ad389da3d1314c184f82efa5db","2715","60-80","8,761","8-10","8","4","8,761","568,811","8,329","540,729","197"
"31350100","DIREITO - M","26617a54f8b42fe09f33bbe1d952fe0d","2715","60-80","8,706","8-10","8","4","8,706","553,926","8,276","526,578","197"
"31350100","DIREITO - M","b11531dfd2c1e3026fe7990ffdfd36e6","2715","60-80","8,645","8-10","8","4","8,645","537,861","8,218","511,307","197"
"31350100","DIREITO - M","a3191434ca43b5953f117716b74c1fbf","2670","60-80","8,276","8-10","8","4","8,276","439,454","7,737","410,834","197"
"31350100","DIREITO - M","3ff68f2f976000b71ce353ab1153bf2f","2625","60-80","7,934","6-8","8","4","8,206","420,749","7,135","365,814","197"
"31350100","DIREITO - M","6eb819385f250d8d13a617bdb5543908","2715","60-80","8,994","8-10","8","4","8,994","631,006","8,55","599,853","197"
"31350100","DIREITO - M","56a9d85fb58a9710cfd1e5fac5fa1f2a","2715","60-80","8,463","8-10","8","4","8,463","489,226","8,045","465,073","197"
"31350100","DIREITO - M","03c700248bcb173d9f506c9ed5d1f7cf","2550","60-80","8,216","8-10","8","4","8,976","626,017","6,904","481,502","197"
"31350100","DIREITO - M","451f874528fa16a4fec5df4af0277d11","2715","60-80","8,961","8-10","8","4","8,999","632,178","8,366","587,686","197"
"31350100","DIREITO - M","fab8dd86c68dcfede743c830720509bf","570","0-20","3,282","2-4","8","4","8,329","453,37","0,226","12,282","197"
"31350100","DIREITO - M","9c7815c069cd8b81f4bf74f5af100a24","2715","60-80","8,897","8-10","8","4","8,872","598,268","8,247","556,163","197"
"31350100","DIREITO - M","e94e2c6a3647cdae86df6fac89ed31f0","2790","60-80","8,258","8-10","8","4","8,255","433,842","7,674","403,309","197"
"31350100","DIREITO - M","ea91348cec15262ad1b02b387bccce88","2790","60-80","8,108","8-10","8","4","8,082","387,725","7,514","360,437","197"
"31350100","DIREITO - M","5022f62f524f1260560b1dd5805d63dd","2790","60-80","8,102","8-10","8","4","8,066","383,299","7,163","340,4","197"
"31350100","DIREITO - M","459a17271e3435d1570dcb8ebf570f29","2715","60-80","8,534","8-10","8","4","8,534","508,238","8,113","483,146","197"
"31350100","DIREITO - M","99d7d0d0d5897f77d3a046a745834535","2715","60-80","8,631","8-10","8","4","8,631","534,029","8,205","507,664","197"
"31350100","DIREITO - M","ded1e32f54f5ebd7b25c138bd164081e","2715","60-80","8,387","8-10","8","4","8,387","469,034","7,973","445,878","197"
"31350100","DIREITO - M","a29bbdc4de65129461b3308ff18cadd3","2715","60-80","8,933","8-10","8","4","8,935","615,055","7,759","534,147","197"
"31350100","DIREITO - M","83213db619c8fd8f49c7c228ddac579c","2715","60-80","8,92","8-10","8","4","8,92","611,109","8,48","580,939","197"
"31350100","DIREITO - M","498ab253c975cc61da5acf5138e1c3ee","1710","40-60","7,993","6-8","7","3","8,064","382,742","3,488","165,546","197"
"31350100","DIREITO - M","a62cc48ba0b4b592e740bfe81d31f878","2340","60-80","8,846","8-10","7","3","8,81","581,776","6,783","447,907","197"
"31350100","DIREITO - M","de605733927a0d181a1483a236e4eb0e","2400","60-80","8,711","8-10","7","3","8,728","559,995","7,295","468,024","197"
"31350100","DIREITO - M","9d10174e73daa13477b65a2a19399aca","2535","60-80","8,84","8-10","7","3","8,84","589,861","8,968","598,358","197"
"31350100","DIREITO - M","3578b973d64cbbb8e0b98a643b58543a","2325","60-80","7,671","6-8","7","3","7,671","277,949","7,137","258,596","197"
"31350100","DIREITO - M","80f7091b5c903dd9685787c9cde076ef","2325","60-80","9,086","8-10","7","3","9,086","655,541","8,454","609,897","197"
"31350100","DIREITO - M","d4a26af389acd9cd193eb19b22f40cf2","2325","60-80","8,467","8-10","7","3","8,467","490,323","7,878","456,183","197"
"31350100","DIREITO - M","92c724563217d550bbda9df6ad36117d","1755","40-60","7,472","6-8","7","3","7,855","326,961","4,451","185,278","197"
"Cód. Curso","Curso","d3e803987dbd1320ba6f64f3e39f3222","CH integralizada","Faixa CH %","CRA","Faixa CRA","Semestres","Anos","MC","MCN","IEA","IEAN","Amostra"
"31350100","DIREITO - M","75430098dd398f2f4ace0f06bd8bfaa1","2325","60-80","9,148","8-10","7","3","9,148","671,891","8,511","625,108","197"
"31350100","DIREITO - M","b341f7e6c0b6f79676ddaadaf8003646","2325","60-80","8,563","8-10","7","3","8,563","515,966","7,967","480,04","197"
"31350100","DIREITO - M","a308efa152979e6cdb556fac90f75440","2325","60-80","8,387","8-10","7","3","8,387","468,982","7,803","436,328","197"
"31350100","DIREITO - M","115318ec34d8f6f1cd44b2fc288c4237","2325","60-80","9,076","8-10","7","3","9,076","652,787","8,444","607,335","197"
"31350100","DIREITO - M","bd62437869efecf63c60a76595212181","2325","60-80","8,288","8-10","7","3","8,288","442,65","7,711","411,83","197"
"31350100","DIREITO - M","b4456df7d448269d48cade8defb72cdb","2325","60-80","8,779","8-10","7","3","8,779","573,62","8,168","533,68","197"
"31350100","DIREITO - M","91dd62ebf346e433b2cf34f396fba888","2325","60-80","7,746","6-8","7","3","7,746","297,912","7,206","277,169","197"
"31350100","DIREITO - M","c0c517f26f20e6c28ba80b2524d36c73","2385","60-80","8,326","8-10","7","3","8,326","452,627","7,946","431,979","197"
"31350100","DIREITO - M","096e61c5c625d8d542eac6f27d831820","2535","60-80","8,676","8-10","7","3","8,676","546,138","8,801","554,005","197"
"31350100","DIREITO - M","a735ae0c3fe3654d0684662d70123715","2325","60-80","8,255","8-10","7","3","8,233","427,964","7,265","377,616","197"
"31350100","DIREITO - M","047ac03d48679c1e077f2f2d4fe966f7","2370","60-80","9,008","8-10","7","3","9,029","640,101","7,587","537,9","197"
"31350100","DIREITO - M","c8b164366086a5fc92153fe6407241ef","2400","60-80","8,453","8-10","7","3","8,459","488,147","7,667","442,438","197"
"31350100","DIREITO - M","6054c256198de3b2eb9ae93a252bc4a1","2400","60-80","8,942","8-10","7","3","8,932","614,46","8,096","556,923","197"
"31350100","DIREITO - M","9c1f196023f0aa2dac43b2aed1a53439","2235","60-80","9,281","8-10","7","3","9,329","720,129","7,839","605,15","197"
"31350100","DIREITO - M","97e71afbcb33fb46206b820016664f97","2400","60-80","8,185","8-10","7","3","8,275","439,212","7,501","398,085","197"
"31350100","DIREITO - M","a237348c2e97688a63a7a8316614ba73","2385","60-80","8,025","8-10","7","3","8,013","369,077","7,262","334,518","197"
"31350100","DIREITO - M","233709c6edcb4a10e2c29797c78a74d2","2400","60-80","8,974","8-10","7","3","8,964","622,763","8,124","564,449","197"
"31350100","DIREITO - M","18a5ce31486719895453733b0276dcc1","2325","60-80","8,612","8-10","7","3","8,612","529,046","8,013","492,21","197"
"31350100","DIREITO - M","90d2f2e9d06a2e9f83b034d8fd8c8c5b","2325","60-80","8,082","8-10","7","3","8,082","387,578","7,519","360,591","197"
"31350100","DIREITO - M","3451a68329508671faa89e8039c42817","2265","60-80","8,446","8-10","7","3","8,615","529,662","7,51","461,72","197"
"31350100","DIREITO - M","305c06878210bdd9aef9be9c483cad04","1965","40-60","8,259","8-10","7","3","8,259","434,752","5,488","288,92","197"
"31350100","DIREITO - M","879a43f53f81437eb9c62bfef6dd87d7","2385","60-80","8,203","8-10","7","3","8,203","419,911","7,829","400,756","197"
"31350100","DIREITO - M","b9c930a069fb0a283fa0eba1b962f501","2325","60-80","8,321","8-10","7","3","8,321","451,428","7,742","419,996","197"
"31350100","DIREITO - M","9c2f74679acc5d89240db903ec8ccf57","2325","60-80","8,356","8-10","7","3","8,356","460,721","7,774","428,642","197"
"31350100","DIREITO - M","1d766ede5689179da00ea7f20552f88f","2325","60-80","8,21","8-10","7","3","8,21","421,826","7,639","392,455","197"
"31350100","DIREITO - M","4c8dad2ba63abd957f2e5c60e55353bb","2325","60-80","7,855","6-8","7","3","7,87","330,918","7,133","299,932","197"
"31350100","DIREITO - M","c341ed8f91596f26736519683eb6474d","1950","40-60","8,628","8-10","6","3","8,632","534,244","7,616","471,392","197"
"31350100","DIREITO - M","424177a12c6339810450044efc77b04a","1860","40-60","7,997","6-8","6","3","8,114","396,207","6,364","310,751","197"
"31350100","DIREITO - M","476fe7eaae4ecac6e165826b7e606d76","2010","40-60","8,56","8-10","6","3","8,529","506,722","7,525","447,107","197"
"31350100","DIREITO - M","94da236206090bc302b501cad8f91616","1755","40-60","8,264","8-10","6","3","8,289","442,94","6,393","341,621","197"
"31350100","DIREITO - M","2b05bb3e64726ffcff1b0cb07b347732","1890","40-60","7,28","6-8","6","3","7,485","228,406","6,192","188,942","197"
"31350100","DIREITO - M","9fca45dd4e62d229d866160edf7c8e30","2010","40-60","9,146","8-10","6","3","9,138","669,213","7,807","571,737","197"
"31350100","DIREITO - M","4b54845fbecb28ae471b699093a03264","1950","40-60","8,895","8-10","6","3","8,898","605,38","7,852","534,159","197"
"31350100","DIREITO - M","0e609c3ce16876ad4bbe53f794aa38b3","1950","40-60","8,462","8-10","6","3","8,462","488,84","7,703","445,022","197"
"31350100","DIREITO - M","d5c3e47c2d525d17c9ae882a7c6af758","1950","40-60","8,874","8-10","6","3","8,874","598,827","8,078","545,15","197"
"31350100","DIREITO - M","8948a7c450f0a4565ab6d8a8a3010e37","1950","40-60","8,478","8-10","6","3","8,478","493,354","7,718","449,132","197"
"Cód. Curso","Curso","d3e803987dbd1320ba6f64f3e39f3222","CH integralizada","Faixa CH %","CRA","Faixa CRA","Semestres","Anos","MC","MCN","IEA","IEAN","Amostra"
"31350100","DIREITO - M","2e8fbf792332425311ee05f13e72178d","1770","40-60","8,093","8-10","6","3","8,093","390,588","6,688","322,755","197"
"31350100","DIREITO - M","dcb1950eb341bad04ac87116a5b2067d","1950","40-60","8,909","8-10","6","3","8,919","610,885","7,87","539,016","197"
"31350100","DIREITO - M","1860d8d7788ccfbe7298a68b67bd6a00","1950","40-60","9,146","8-10","6","3","9,146","671,467","8,326","611,28","197"
"31350100","DIREITO - M","c786470e9b8e42989fb82a35d02f883e","1950","40-60","9,323","8-10","6","3","9,323","718,663","8,487","654,245","197"
"31350100","DIREITO - M","b78182daf0dff37f56159b67889b21f0","1950","40-60","9,068","8-10","6","3","9,068","650,537","8,255","592,225","197"
"31350100","DIREITO - M","963b21fdf4aaf53c05379a1f4a6d471f","1620","40-60","8,598","8-10","6","3","8,598","525,282","5,32","325,041","197"
"31350100","DIREITO - M","de3911bf79a012ccb2381c027d96b0a3","1950","40-60","8,762","8-10","6","3","8,762","568,868","7,976","517,877","197"
"31350100","DIREITO - M","295c2e0cd08ee9c9b9e5482bbfbf7e76","1950","40-60","8,115","8-10","6","3","8,115","396,501","7,388","360,96","197"
"31350100","DIREITO - M","10fa9c713ea8ee4ac5aac5fef06cbdf2","1950","40-60","9,429","8-10","6","3","9,429","746,98","8,584","680,024","197"
"31350100","DIREITO - M","bfeb0ad14db680eb36ae49bf906176c9","1890","40-60","7,94","6-8","6","3","8,192","416,955","7,006","356,582","197"
"31350100","DIREITO - M","b7a05338ed598022eff883fd1b087b6a","1950","40-60","7,949","6-8","6","3","7,949","352,178","7,237","320,61","197"
"31350100","DIREITO - M","61ec1c8d6765bc3677d8e564b669eb66","1950","40-60","8,697","8-10","6","3","8,697","551,631","7,917","502,185","197"
"31350100","DIREITO - M","ad72a46f7962a8207b773c93531d3724","1950","40-60","8,535","8-10","6","3","8,535","508,539","7,77","462,956","197"
"31350100","DIREITO - M","c18b65103eda3e582ff30459963fa005","1740","40-60","8,788","8-10","6","3","8,805","580,557","6,668","439,637","197"
"31350100","DIREITO - M","0ffeec5ba534060bc0b407b764378e1b","1740","40-60","8,662","8-10","6","3","8,625","532,445","6,765","417,604","197"
"31350100","DIREITO - M","abb1ea14c2c36f16abe8c30f150c8e11","1950","40-60","8,714","8-10","6","3","8,717","557,109","7,692","491,567","197"
"31350100","DIREITO - M","09dc805335b880397c23cfff71b268d6","1950","40-60","8,817","8-10","6","3","8,817","583,642","8,027","531,327","197"
"31350100","DIREITO - M","1f6fff8cec9e49916e9a9c61c2252917","1950","40-60","8,983","8-10","6","3","8,983","627,965","8,178","571,677","197"
"31350100","DIREITO - M","1c0ce704f44b87d99115d037bfdc26bd","1950","40-60","8,211","8-10","6","3","8,211","421,945","7,475","384,124","197"
"31350100","DIREITO - M","62ee3a2cce40093e33e200f51d447f50","1950","40-60","8,455","8-10","6","3","8,455","487,198","7,697","443,528","197"
"31350100","DIREITO - M","b7b49a914fbe3dd8285f82416b28ddcf","1950","40-60","8,626","8-10","6","3","8,626","532,753","7,853","484,999","197"
"31350100","DIREITO - M","f991132933b838af0fc3bc12a8ebd16a","1950","40-60","8,472","8-10","6","3","8,472","491,713","7,713","447,638","197"
"31350100","DIREITO - M","66e928b9c828e6137b0c15f849dd2a91","1950","40-60","8,152","8-10","6","3","8,152","406,35","7,422","369,927","197"
"31350100","DIREITO - M","ab50ce5836d9e7bde6b3b14676018daf","2010","40-60","8,8","8-10","6","3","8,841","590,137","7,801","520,709","197"
"31350100","DIREITO - M","4dc181f76d437272804ea6daf0fd05db","1950","40-60","8,495","8-10","6","3","8,495","497,869","7,734","453,242","197"
"31350100","DIREITO - M","82b8d6d1f10e0182ecf68b9fe44a7a6c","1950","40-60","8,937","8-10","6","3","8,938","615,966","7,887","543,499","197"
"31350100","DIREITO - M","fec17603028965f2efbc03cee4ccf60c","1260","20-40","6,811","6-8","6","3","8,757","567,695","3,278","212,506","197"
"31350100","DIREITO - M","e565cd8231b4b8b7852dba186ab02419","1950","40-60","7,94","6-8","6","3","7,94","349,715","7,228","318,368","197"
"31350100","DIREITO - M","f2d8a6acf9239b13b4aa207a503c91c5","1950","40-60","8,095","8-10","6","3","8,095","391,165","7,37","356,103","197"
"31350100","DIREITO - M","99a44033ac3a579dae649c73bce8c73e","1950","40-60","9,032","8-10","6","3","9,04","643,065","7,976","567,41","197"
"31350200","DIREITO - N","c1b846ceca0ff57abc60aaab44641060","1470","40-60","9,141","8-10","5","2","9,141","710,268","8,281","643,42","187"
"31350200","DIREITO - N","37fdab935d686089effdafa0661c2e2d","510","0-20","7,105","6-8","5","2","7,941","373,898","3,367","158,547","187"
"31350200","DIREITO - N","2ccf259255e51347ae4e066f52f4442b","1170","20-40","7,836","6-8","5","2","7,836","344,379","7,062","310,375","187"
"31350200","DIREITO - N","b97ce8913d9bc7842d6001072c954e3b","1110","20-40","8,27","8-10","5","2","8,27","466,174","4,272","240,786","187"
"31350200","DIREITO - N","fead382f4c58ebfde8096b7b2b100a1b","1170","20-40","8,446","8-10","5","2","8,446","515,49","7,612","464,591","187"
"31350200","DIREITO - N","bca4c6d3ae3812fd706aa1204c47c622","1470","40-60","8,49","8-10","5","2","8,49","527,727","7,691","478,059","187"
"Cód. Curso","Curso","d3e803987dbd1320ba6f64f3e39f3222","CH integralizada","Faixa CH %","CRA","Faixa CRA","Semestres","Anos","MC","MCN","IEA","IEAN","Amostra"
"31350200","DIREITO - N","a3aca8598ca211286f8918322fdcd7cd","1470","40-60","8,347","8-10","5","2","8,278","468,355","7,843","443,756","187"
"31350200","DIREITO - N","cc6e9c65e459cb332c1a41f42c766461","1470","40-60","8,361","8-10","5","2","8,361","491,677","7,574","445,401","187"
"31350200","DIREITO - N","cd632646aea242ee219e8d22e51a3bd8","1470","40-60","8,547","8-10","5","2","8,547","543,75","7,743","492,573","187"
"31350200","DIREITO - N","52ea4da68bf4ca94f6e41b4e5d51eeae","1470","40-60","9,255","8-10","5","2","9,255","742,313","8,384","672,448","187"
"31350200","DIREITO - N","0449af333e1872f85acc2dcb055460e8","1470","40-60","8,649","8-10","5","2","8,649","572,361","7,835","518,492","187"
"31350200","DIREITO - N","132b5bfe81a6dd9a58afaa3aeaba7d8f","1470","40-60","9,022","8-10","5","2","9,022","677,079","8,173","613,354","187"
"31350200","DIREITO - N","6d2ffde38361e0b114da06019fb118c3","1470","40-60","8,665","8-10","5","2","8,665","576,939","7,85","522,639","187"
"31350200","DIREITO - N","03dcba8287717d8f8e29a0e4883df1a0","870","20-40","5,0","4-6","5","2","8,103","419,398","2,571","133,077","187"
"31350200","DIREITO - N","54651cb3fbf40ec614ef7c9503e2421d","1470","40-60","9,196","8-10","5","2","9,196","725,719","8,33","657,416","187"
"31350200","DIREITO - N","3ba4224667e287f7562653af21a79ea9","1470","40-60","9,061","8-10","5","2","9,061","687,951","8,208","623,203","187"
"31350200","DIREITO - N","7de684dafd1020fd82ac8b317fa8ea72","570","0-20","8,379","8-10","5","2","8,379","496,646","1,792","106,237","187"
"31350200","DIREITO - N","6a1cd1c3747b63b992d31c4d85b54001","1470","40-60","8,016","8-10","5","2","8,016","394,97","7,262","357,796","187"
"31350200","DIREITO - N","0dcc881332a8c4bba4cec326cb267e0f","1470","40-60","8,496","8-10","5","2","8,496","529,444","7,696","479,614","187"
"31350200","DIREITO - N","385c9b3c5fe9ae29d9de00912ec22232","1470","40-60","8,065","8-10","5","2","8,065","408,703","7,306","370,237","187"
"31350200","DIREITO - N","4e8370c6f59f0521a33d8695f7429dcd","1470","40-60","9,135","8-10","5","2","9,135","708,552","8,275","641,864","187"
"31350200","DIREITO - N","b6463fbfa3e00af55d9e834bdadd2f57","900","20-40","4,5","4-6","5","2","7,8","334,314","2,496","106,972","187"
"31350200","DIREITO - N","5c31ada917b954bdd84ff27bde2434a6","1470","40-60","8,133","8-10","5","2","8,133","427,587","7,367","387,344","187"
"31350200","DIREITO - N","4f125f68fc6c7a38bb107b880ee984ef","1470","40-60","8,155","8-10","5","2","8,155","433,882","7,388","393,046","187"
"31350200","DIREITO - N","e6724b89ec8bf24c6923b01ced770c06","1110","20-40","8,811","8-10","5","2","8,811","617,737","7,147","501,105","187"
"31350200","DIREITO - N","b757fde9a75fd00a0a51444ff0364e9d","1470","40-60","8,357","8-10","5","2","8,357","490,532","7,571","444,365","187"
"31350200","DIREITO - N","958bf4a79dd5e3c3fd2317cd02251482","1470","40-60","7,973","6-8","5","2","7,973","382,953","7,223","346,911","187"
"31350200","DIREITO - N","837bff056975e547a1830a4535c92c92","810","20-40","4,409","4-6","5","2","7,674","299,005","2,111","82,24","187"
"31350200","DIREITO - N","d7c9a82a44f9cfe422ded610674ada10","0","0-20","0,0","0-2","5","2","","","","","187"
"31350200","DIREITO - N","6837fb4abfefdb91693725528b6b32a6","1170","20-40","7,872","6-8","5","2","7,872","354,444","7,095","319,447","187"
"31350200","DIREITO - N","c24a0ecca3fc159e3e9368dc2ef4dd2d","1170","20-40","7,941","6-8","5","2","7,941","373,856","7,157","336,942","187"
"31350200","DIREITO - N","81c3a334ecc4f1a3c1be84e19f3aace3","1170","20-40","8,626","8-10","4","2","8,626","565,817","7,774","509,949","187"
"31350200","DIREITO - N","c1684ac8ad3fb51732a21fb16718b74b","870","20-40","6,313","6-8","4","2","8,49","527,688","4,231","262,963","187"
"31350200","DIREITO - N","0595bb5287909934d20507108bd4288c","1170","20-40","8,344","8-10","4","2","8,344","486,732","7,52","438,672","187"
"31350200","DIREITO - N","3d33b6c8dc09b712a7408e673ae58161","1170","20-40","8,538","8-10","4","2","8,538","541,373","7,695","487,918","187"
"31350200","DIREITO - N","ef9acf7cc96e55b25700ec771ccc04bd","1170","20-40","8,559","8-10","4","2","8,559","547,124","7,714","493,102","187"
"31350200","DIREITO - N","a1e63a88abae574046a7beae43bdef80","1170","20-40","8,762","8-10","4","2","8,762","603,922","7,896","544,291","187"
"31350200","DIREITO - N","4ad90a39a010df6fc898a9b16de9ddf4","1230","20-40","7,688","6-8","4","2","7,72","311,882","6,244","252,258","187"
"31350200","DIREITO - N","d4c3c85604c42c98ae4dd7d05fcd39c0","1230","20-40","7,937","6-8","4","2","7,859","350,986","6,72","300,107","187"
"31350200","DIREITO - N","afa2e3b580abd4a2d69acfe3d002b6cf","1170","20-40","7,738","6-8","4","2","7,738","317,059","6,974","285,753","187"
"31350200","DIREITO - N","86795941595b924fae4f048b7a44f735","1170","20-40","8,356","8-10","4","2","8,356","490,327","7,531","441,912","187"
"31350200","DIREITO - N","a58bf3073f1f042466b1d8c343af016f","870","20-40","6,013","6-8","4","2","8,086","414,564","4,03","206,59","187"
"Cód. Curso","Curso","d3e803987dbd1320ba6f64f3e39f3222","CH integralizada","Faixa CH %","CRA","Faixa CRA","Semestres","Anos","MC","MCN","IEA","IEAN","Amostra"
"31350200","DIREITO - N","e88328d56ede9d68941e2f514dc2ad16","1170","20-40","7,915","6-8","4","2","7,915","366,667","7,134","330,462","187"
"31350200","DIREITO - N","42cfeadcda021f6b2320134b8399e79f","1170","20-40","7,577","6-8","4","2","7,577","271,765","6,829","244,931","187"
"31350200","DIREITO - N","e17ec4c364e843ea0a16a5216a3ea6aa","1230","20-40","8,42","8-10","4","2","8,354","489,731","6,757","396,106","187"
"31350200","DIREITO - N","5ce504194afea58446a98aa6c9fa2f10","1170","20-40","8,41","8-10","4","2","8,41","505,425","7,58","455,52","187"
"31350200","DIREITO - N","2d3d63015d0007c02bc6e8a6fff17e92","1170","20-40","8,159","8-10","4","2","8,159","434,967","7,353","392,019","187"
"31350200","DIREITO - N","bc458ec5fc7e7229aa0101d43cc093d8","1170","20-40","8,282","8-10","4","2","8,282","469,477","7,464","423,121","187"
"31350200","DIREITO - N","faecd34bbe301f6dc85aad14626604cc","570","0-20","8,674","8-10","4","2","8,674","579,288","1,855","123,915","187"
"31350200","DIREITO - N","5b20bed148e3c453593c9aa7d5583a48","870","20-40","6,477","6-8","4","2","8,857","630,729","2,912","207,351","187"
"31350200","DIREITO - N","60f34396c69b6954407db06fe73f4bf0","1170","20-40","8,731","8-10","4","2","8,731","595,294","7,869","536,515","187"
"31350200","DIREITO - N","0cc807e4cd555376d9c6dae89126c270","1260","20-40","8,393","8-10","4","2","8,393","500,546","8,146","485,824","187"
"31350200","DIREITO - N","8946aa2da66bd162edf65c9337628a44","570","0-20","5,314","4-6","4","2","8,111","421,383","1,735","90,137","187"
"31350200","DIREITO - N","6168b6f292db525e96bd3064c7f4d91e","1170","20-40","8,508","8-10","4","2","8,508","532,745","7,668","480,142","187"
"31350200","DIREITO - N","5329ab28434e240d607f379f74ca0d49","1260","20-40","8,0","6-8","4","2","8,051","404,812","6,512","327,422","187"
"31350200","DIREITO - N","8c02ad86d508cffb4d2527753af8836e","1230","20-40","7,846","6-8","4","2","8,039","401,438","6,131","306,139","187"
"31350200","DIREITO - N","b3b16dc7d77d2a0469f59619ff81483b","1275","20-40","8,429","8-10","4","2","8,414","506,443","7,0","421,327","187"
"31350200","DIREITO - N","0dda0c9a659b5442c9fb916782dde419","1170","20-40","8,974","8-10","4","2","8,974","663,595","8,088","598,072","187"
"31350200","DIREITO - N","c3323a2675802e8b0191eb5c4cf82f77","1170","20-40","8,379","8-10","4","2","8,379","496,797","7,552","447,744","187"
"31350200","DIREITO - N","5cfaa85a2c936d18b5ee19a33f4a2756","780","20-40","8,076","8-10","4","2","8,638","569,412","4,217","277,977","187"
"31350200","DIREITO - N","f2cd6f23acfd950e957cea4468c03695","1170","20-40","8,569","8-10","4","2","8,569","550,0","7,723","495,693","187"
"31350200","DIREITO - N","78d7be284a98c92f77e3c54540c6b46c","1170","20-40","8,621","8-10","4","2","8,654","573,784","7,4","490,609","187"
"31350200","DIREITO - N","0f990274d88ff1fe120f2b1e2e0eb0c5","1170","20-40","8,11","8-10","4","2","8,127","426,01","6,949","364,256","187"
"31350200","DIREITO - N","4626c7eaede2d54131ce2f8421e06000","870","20-40","8,386","8-10","3","1","8,386","498,682","7,494","445,601","187"
"31350200","DIREITO - N","47d21828e32ae2eb74dc929d43444b49","990","20-40","9,252","8-10","3","1","9,255","742,285","3,802","304,954","187"
"31350200","DIREITO - N","41f6742e58040914c515a4cdc9e99186","870","20-40","9,283","8-10","3","1","9,283","750,068","8,295","670,229","187"
"31350200","DIREITO - N","4decc6a2d71ae78ecb4fef7c946f2c78","870","20-40","8,869","8-10","3","1","8,869","634,043","7,925","566,554","187"
"31350200","DIREITO - N","b915c6375c0ecbef69dbdee04919385a","870","20-40","9,262","8-10","3","1","9,262","744,267","8,276","665,045","187"
"31350200","DIREITO - N","8d3d9cf18bf5efeedddf5c389cac3566","0","0-20","0,0","0-2","3","1","","","","","187"
"31350200","DIREITO - N","76b65373d144944d0ebb33ea1eb9ec83","870","20-40","9,362","8-10","3","1","9,362","772,306","8,366","690,1","187"
"31350200","DIREITO - N","4e37292d65eb247cfd842ba3c87acfc3","870","20-40","8,448","8-10","3","1","8,448","516,085","7,549","461,152","187"
"31350200","DIREITO - N","eacb8cca05c0cfb13797e4b02d010ee4","870","20-40","9,145","8-10","3","1","9,145","711,393","8,171","635,671","187"
"31350200","DIREITO - N","33a2a97e2b41b42248ae6cd2bd8791a4","870","20-40","9,228","8-10","3","1","9,228","734,598","8,245","656,406","187"
"31350200","DIREITO - N","281046a1561e01c22a2d0151037c265f","870","20-40","9,2","8-10","3","1","9,2","726,863","8,221","649,494","187"
"31350200","DIREITO - N","d58b38e53af00fcebfb3cc457f125cd7","870","20-40","9,183","8-10","3","1","9,183","722,029","8,205","645,174","187"
"31350200","DIREITO - N","7778495b82e9b8d7e62ed02c6310fcf1","570","0-20","5,579","4-6","3","1","8,221","452,374","3,266","179,709","187"
"31350200","DIREITO - N","8177519d7f56953a0bda7f7a674d76d0","870","20-40","8,728","8-10","3","1","8,728","594,402","7,799","531,132","187"
"31350200","DIREITO - N","76f80860f15d392f56026b7f1d1e8acc","870","20-40","9,01","8-10","3","1","9,01","673,685","8,051","601,976","187"
"Cód. Curso","Curso","d3e803987dbd1320ba6f64f3e39f3222","CH integralizada","Faixa CH %","CRA","Faixa CRA","Semestres","Anos","MC","MCN","IEA","IEAN","Amostra"
"31350200","DIREITO - N","84978f72aec2e8142317fe6c4918e4e3","870","20-40","9,214","8-10","3","1","9,214","730,731","8,233","652,95","187"
"31350200","DIREITO - N","72a5bafd5b3a175a9af59e2fd91e5bd0","870","20-40","8,407","8-10","3","1","8,407","504,483","7,512","450,784","187"
"31350200","DIREITO - N","6ecbc90010a292834b1f6dc3db6330fe","870","20-40","9,038","8-10","3","1","9,038","681,42","8,076","608,888","187"
"31350200","DIREITO - N","2d8e61814511c83c31b0c08650e31530","270","0-20","3,689","2-4","3","1","7,789","331,198","0,67","28,504","187"
"31350200","DIREITO - N","729a91671153dd7956a3417449508618","930","20-40","8,965","8-10","3","1","9,068","689,851","6,985","531,398","187"
"31350200","DIREITO - N","b6d9e22d3808865c17e080ca6ff04695","870","20-40","8,252","8-10","3","1","8,252","460,974","7,373","411,906","187"
"31350200","DIREITO - N","74205b1ab7738e87357a76dc0777d0e3","840","20-40","8,875","8-10","3","1","8,875","635,736","7,657","548,478","187"
"31350200","DIREITO - N","9a1beae2509dd66a25fac71bdb5ad41f","570","0-20","8,289","8-10","3","1","8,289","471,558","3,18","180,871","187"
"31350200","DIREITO - N","76627f7ecb1253d55f70b8a9e281385d","870","20-40","9,276","8-10","3","1","9,276","748,134","8,289","668,501","187"
"31350200","DIREITO - N","355a991d4dc65fb56a5d60d31a0d7e30","1500","40-60","6,796","6-8","3","1","8,773","607,229","2,433","168,391","187"
"31350200","DIREITO - N","235d4fc80010c441c2bc8fe619d13ec3","870","20-40","8,338","8-10","3","1","8,338","485,145","7,45","433,505","187"
"31350200","DIREITO - N","ec02ae4115e571d378acff69d5569c81","870","20-40","8,324","8-10","3","1","8,324","481,278","7,438","430,049","187"
"31350200","DIREITO - N","e546b1cdd2ddb9bd0a78e0936bb16ae2","390","0-20","8,1","8-10","3","1","9,043","682,801","0,506","38,181","187"
"31350200","DIREITO - N","67ccbc0aa461910f721b6aed95d71ea3","630","0-20","8,871","8-10","3","1","8,871","634,734","8,611","616,065","187"
"31350200","DIREITO - N","1bc010dfb672c3aedce870477ef9de8c","870","20-40","8,466","8-10","3","1","8,466","520,92","7,564","465,472","187"
"31350200","DIREITO - N","744d353a2743f38a4bfd91d2c987b35e","3330","80-100","8,273","8-10","3","1","8,382","497,542","7,232","429,252","187"
"31350200","DIREITO - N","00c72688f69865e74e56fde7a6177a37","3315","80-100","9,071","8-10","3","1","8,631","567,44","9,308","611,945","187"
"31350200","DIREITO - N","efa52ac2de5b7674348b382f58948f3f","690","0-20","7,304","6-8","3","1","7,939","373,325","4,793","225,374","187"
"31350200","DIREITO - N","c2d79253e568dd79e62f0ec3d4b297de","885","20-40","8,941","8-10","3","1","8,907","644,822","7,41","536,449","187"
"31350200","DIREITO - N","f2117eb6e3cd1d1fdbcac527a96c1b2e","885","20-40","8,603","8-10","3","1","8,659","575,243","7,204","478,564","187"
"31350200","DIREITO - N","f708c7b84d3d8aeef6393f5e10a08f82","1005","20-40","8,566","8-10","3","1","8,526","537,858","7,093","447,462","187"
"31350200","DIREITO - N","02d903f151b662fc53f4132423ba44b9","885","20-40","8,388","8-10","3","1","8,544","543,05","7,108","451,781","187"
"31350200","DIREITO - N","29385d40683f2956ab9189d036711c18","930","20-40","8,326","8-10","3","1","8,344","486,972","6,942","405,128","187"
"31350200","DIREITO - N","db0e5e1edb099ff343a96b57ee48ef14","1005","20-40","8,573","8-10","3","1","8,515","534,742","7,084","444,87","187"
"31350200","DIREITO - N","60291820cbcb21bff331c2ea480b4b99","885","20-40","8,824","8-10","3","1","8,968","661,812","6,908","509,799","187"
"31350200","DIREITO - N","1650ed43f0ecfb80717c98bd61016745","885","20-40","8,71","8-10","3","1","8,748","600,167","7,278","499,299","187"
"31350200","DIREITO - N","ea8bf3d8adc9dce8fac2070be3b3bc04","885","20-40","8,347","8-10","3","1","8,426","509,819","7,01","424,135","187"
"31350200","DIREITO - N","6898a4abac05bb9905b84a31fc366ba7","735","20-40","7,151","6-8","3","1","7,705","307,549","4,787","191,105","187"
"31350200","DIREITO - N","45ac5890d0bf64fb3a43caf87499c914","900","20-40","8,587","8-10","3","1","8,507","532,591","7,339","459,49","187"
"31350200","DIREITO - N","ef54bb8e59e7dcd49c68ff1706529226","870","20-40","8,145","8-10","3","1","8,193","444,394","6,816","369,706","187"
"31350200","DIREITO - N","5c4d5e4fd64f9d4aa38e7a9b112fcb1b","990","20-40","8,079","8-10","3","1","8,244","458,933","6,859","381,801","187"
"31350200","DIREITO - N","b4a359cb1e943372463117f81f082106","870","20-40","9,079","8-10","3","1","9,079","693,023","8,113","619,255","187"
"31350200","DIREITO - N","7b4fec7b0607a343b8b8a21ed3aaa1a5","570","0-20","9,284","8-10","2","1","9,284","750,475","8,153","659,031","187"
"31350200","DIREITO - N","091b31755458afa9425fcf5b88653a39","270","0-20","3,995","2-4","2","1","8,722","592,898","1,555","105,697","187"
"31350200","DIREITO - N","12418382bfb596d471077706b6cd4219","570","0-20","8,984","8-10","2","1","8,984","666,357","7,889","585,163","187"
"31350200","DIREITO - N","16af3daeebc42914e6f49436f94964ff","0","0-20","0,0","0-2","2","1","","","","","187"
"Cód. Curso","Curso","d3e803987dbd1320ba6f64f3e39f3222","CH integralizada","Faixa CH %","CRA","Faixa CRA","Semestres","Anos","MC","MCN","IEA","IEAN","Amostra"
"31350200","DIREITO - N","f887b470530ca1d4becf5420a8ad4581","1200","20-40","8,448","8-10","2","1","8,9","642,745","6,993","505,014","187"
"31350200","DIREITO - N","2278c8a72b79c2fc1ee7077dcc8c9a3e","570","0-20","9,105","8-10","2","1","9,105","700,3","7,996","614,969","187"
"31350200","DIREITO - N","4064481bad4122ac11f8979c21e7d4c9","0","0-20","0,0","0-2","2","1","","","","","187"
"31350200","DIREITO - N","9af114aa5ba238fb595244253556f261","600","0-20","8,625","8-10","2","1","8,535","540,485","6,706","424,666","187"
"31350200","DIREITO - N","ce1066573b65348fce59fdfbef17c239","570","0-20","7,926","6-8","2","1","7,8","334,314","5,408","231,772","187"
"31350200","DIREITO - N","09fc390cf3fa28e59945bd8c921eea56","570","0-20","8,579","8-10","2","1","8,579","552,725","7,534","485,376","187"
"31350200","DIREITO - N","565e2ee4b71192f2b659fae78c87a405","570","0-20","7,789","6-8","2","1","7,789","331,362","6,84","290,986","187"
"31350200","DIREITO - N","761f41cb4ef629138e5fe87008d12a52","570","0-20","8,063","8-10","2","1","8,063","408,101","7,081","358,375","187"
"31350200","DIREITO - N","98744079077463e3fe35dab25a0251f8","570","0-20","8,326","8-10","2","1","8,326","481,889","7,312","423,171","187"
"31350200","DIREITO - N","8bf688db60927b3546362c176273b424","570","0-20","8,216","8-10","2","1","8,171","438,224","6,42","344,319","187"
"31350200","DIREITO - N","634d9248a972c84d5861df1a280f0723","570","0-20","8,384","8-10","2","1","8,384","498,122","7,363","437,426","187"
"31350200","DIREITO - N","012d5b5299aeb6c58483c894ab397216","570","0-20","9,132","8-10","2","1","9,132","707,678","8,019","621,449","187"
"31350200","DIREITO - N","cdc9f6519b1fdb308665370581a8bb25","570","0-20","8,489","8-10","2","1","8,489","527,637","7,455","463,345","187"
"31350200","DIREITO - N","43d75ecb9d51864ad83e1d57e3f9b6df","570","0-20","8,526","8-10","2","1","8,526","537,967","7,487","472,416","187"
"31350200","DIREITO - N","2de2efb27fe06f7b57a15ad1b57fa4fe","570","0-20","8,437","8-10","2","1","8,437","512,879","7,409","450,386","187"
"31350200","DIREITO - N","fb36be568261a415423539874349843a","570","0-20","8,589","8-10","2","1","8,589","555,676","7,543","487,968","187"
"31350200","DIREITO - N","2fcb5e4ff1118b57dbe0d5e29b61fd3b","270","0-20","4,184","4-6","2","1","8,833","624,053","1,74","122,961","187"
"31350200","DIREITO - N","9b4d0451a1ec92eae48385e31cfac0a5","570","0-20","8,342","8-10","2","1","8,342","486,316","7,326","427,059","187"
"31350200","DIREITO - N","742ebbfbdc4a80bb082408b9e17065c8","570","0-20","8,595","8-10","2","1","8,595","557,152","7,547","489,264","187"
"31350200","DIREITO - N","449a7c388c605dfb123777376c36f5a4","570","0-20","8,821","8-10","2","1","8,821","620,609","7,746","544,989","187"
"31350200","DIREITO - N","a66a33ca1c2b3e6d55acf544960c2f95","570","0-20","8,226","8-10","2","1","8,226","453,849","7,224","398,548","187"
"31350200","DIREITO - N","f85a451dbd5da8db6b45095c590ce276","720","20-40","8,15","8-10","2","1","8,279","468,607","7,27","411,508","187"
"31350200","DIREITO - N","7a7d051d928e89d534dc7f40d483ac87","570","0-20","8,358","8-10","2","1","8,358","490,743","7,339","430,947","187"
"31350200","DIREITO - N","0242701953132f172f33d3cd768eed5c","570","0-20","8,926","8-10","2","1","8,926","650,124","7,839","570,907","187"
"31350200","DIREITO - N","f2478c549601651b27569f69afe4a36e","570","0-20","8,211","8-10","2","1","8,211","449,422","7,21","394,661","187"
"31350200","DIREITO - N","63eaf79633adbdd0eebe9792f0e65dc5","570","0-20","9,463","8-10","2","1","9,463","800,651","8,31","703,092","187"
"31350200","DIREITO - N","f20192c25c1456e3e22474c7c612194e","570","0-20","8,026","8-10","2","1","8,026","397,771","7,048","349,303","187"
"31350200","DIREITO - N","f397285e3fb3c6832282a32fb0fb5467","630","0-20","8,438","8-10","2","1","8,438","513,231","8,19","498,136","187"
"31350200","DIREITO - N","69d58d2fee26d20883228ed66f0d3da3","570","0-20","8,105","8-10","2","1","8,105","419,907","7,118","368,742","187"
"31350200","DIREITO - N","3c235c2dd9beae0344aa2f3b9df47156","570","0-20","8,7","8-10","2","1","8,7","586,667","7,64","515,182","187"
"31350200","DIREITO - N","a13e8b9e60ad90e0909f5bae3dc30b52","570","0-20","8,626","8-10","2","1","8,626","566,006","7,575","497,039","187"
"31350200","DIREITO - N","3e5c3660413ecad12df4b1d6436a2ec6","570","0-20","8,437","8-10","2","1","8,437","512,879","7,409","450,386","187"
"31350200","DIREITO - N","f384efb7a93b250a0034bb4d48bdad51","570","0-20","8,211","8-10","2","1","8,211","449,422","7,21","394,661","187"
"31350200","DIREITO - N","7a070c7516d35435d81ebb4f886c5a1c","600","0-20","8,295","8-10","2","1","8,331","483,272","6,161","357,378","187"
"31350200","DIREITO - N","46b111191973036b9c48e68691d7df23","570","0-20","8,653","8-10","2","1","8,662","576,152","6,406","426,062","187"
"31350200","DIREITO - N","3c3c48bf293f3432be7d76188bdd8672","1905","40-60","8,184","8-10","2","1","8,217","451,144","6,836","375,321","187"
"Cód. Curso","Curso","d3e803987dbd1320ba6f64f3e39f3222","CH integralizada","Faixa CH %","CRA","Faixa CRA","Semestres","Anos","MC","MCN","IEA","IEAN","Amostra"
"31350200","DIREITO - N","f218290e313d5c5e294ab11c63ed3242","600","0-20","7,74","6-8","2","1","7,74","317,49","7,155","293,478","187"
"31350200","DIREITO - N","dafc18206113f3eba112e5d12ead10d1","0","0-20","0,0","0-2","2","1","","","","",""
"31350200","DIREITO - N","e87d38728ac8796c778d2ed9b27761bd","570","0-20","8,695","8-10","2","1","8,695","585,191","7,635","513,886","187"
"31350200","DIREITO - N","8e76e331fbbb44d286acb2239bd57844","570","0-20","7,926","6-8","2","1","7,926","369,732","6,961","324,68","187"
"31350200","DIREITO - N","37e11d05f605237ffa1d806f233aa041","930","20-40","9,126","8-10","2","1","9,012","674,289","9,997","747,951","187"
"31350200","DIREITO - N","671e9a9b9db74f52bf0e72db52bf2f64","570","0-20","8,111","8-10","2","1","8,111","421,383","7,122","370,038","187"
"31350200","DIREITO - N","96a24ffb77f8d71ecba7e137ecdcd92b","570","0-20","8,016","8-10","2","1","8,233","455,817","5,036","278,83","187"
"31350200","DIREITO - N","a0a843c83b9a93943a7e9742be18af9e","690","0-20","8,096","8-10","2","1","8,68","581,059","6,018","402,835","187"
"31350200","DIREITO - N","b3b26a58b4bcc97f603c7c2cacc62ac6","0","0-20","0,0","0-2","1","0","","","","",""
"31350200","DIREITO - N","18b6de2f2e9c6b9fe87398fd02f3ba0d","270","0-20","8,6","8-10","1","0","8,6","558,628","7,155","464,741","187"
"31350200","DIREITO - N","7733f84654edee3d7587dbef604a6e3e","270","0-20","8,044","8-10","1","0","8,044","402,854","6,692","335,147","187"
"31350200","DIREITO - N","fbe5453d8db478e6b2d406dc81816e56","270","0-20","9,0","8-10","1","0","9,0","670,785","7,487","558,048","187"
"31350200","DIREITO - N","4630f74c1d754b7dbe00bbe1c5430a9d","270","0-20","8,733","8-10","1","0","8,733","596,013","7,266","495,843","187"
"31350200","DIREITO - N","6840eba1b231c57e65cdcad3add7422c","270","0-20","8,333","8-10","1","0","8,333","483,856","6,933","402,536","187"
"31350200","DIREITO - N","37646f47037828afec395e7474cfffb8","270","0-20","8,578","8-10","1","0","8,578","552,397","7,136","459,557","187"
"31350200","DIREITO - N","5c2be2951a5a9565fe76b1e3d1b0efd3","0","0-20","0,0","0-2","1","0","","","","","187"
"31350200","DIREITO - N","c684ccaa86589ec8ebb3345ac3881981","270","0-20","8,733","8-10","1","0","8,733","596,013","7,266","495,843","187"
"31350200","DIREITO - N","1cf8e3a96d37bbe59190ec87dc237ecd","270","0-20","9,111","8-10","1","0","9,111","701,939","7,58","583,966","187"
"31350200","DIREITO - N","faeff835a9afc510375c839abf1612b0","270","0-20","8,833","8-10","1","0","8,46","519,373","3,91","240,046","187"
"31350200","DIREITO - N","29ac556175b2a3ceeadd51fcba697a91","270","0-20","8,767","8-10","1","0","8,767","605,36","7,293","503,619","187"
"31350200","DIREITO - N","423708e060f048a295da042d7e70bc19","270","0-20","8,556","8-10","1","0","8,556","546,166","7,118","454,373","187"
"31350200","DIREITO - N","32c356f739b9455dbcc624a58e594921","270","0-20","8,767","8-10","1","0","8,767","605,36","7,293","503,619","187"
"31350200","DIREITO - N","5ba8d26d9d8631226580cdd57276c809","270","0-20","8,733","8-10","1","0","8,733","596,013","7,266","495,843","187"
"31350200","DIREITO - N","f709789b3215fae851dac6c601e8fc70","270","0-20","8,944","8-10","1","0","8,944","655,207","7,441","545,088","187"
"31350200","DIREITO - N","e90d37f41a4c9476c7e8672f1d33b44e","270","0-20","9,156","8-10","1","0","9,156","714,401","7,617","594,334","187"
"31350200","DIREITO - N","f4dba46064447c665e5d725b0d579423","270","0-20","8,189","8-10","1","0","8,189","443,355","6,813","368,842","187"
"31350200","DIREITO - N","1b8bcfe6c10bd28f1e75366a7d018f1c","270","0-20","8,222","8-10","1","0","8,222","452,702","6,84","376,617","187"
"31350200","DIREITO - N","0852dd935e29084c56bb59ed376aba30","270","0-20","9,044","8-10","1","0","9,044","683,246","7,524","568,415","187"
"31350200","DIREITO - N","f78be4f494139e5476272b51d7369fc7","270","0-20","8,344","8-10","1","0","8,344","486,972","6,942","405,128","187"
"31350200","DIREITO - N","0cade9e601e568ad79e93c61269da91d","270","0-20","9,122","8-10","1","0","9,122","705,055","7,589","586,558","187"
"31350200","DIREITO - N","92a7b0b102266e3718fff2e315264ad5","270","0-20","9,111","8-10","1","0","9,111","701,939","7,58","583,966","187"
"31350200","DIREITO - N","afbb64da47b2a4531a2d8cc7bd12d359","270","0-20","8,433","8-10","1","0","8,86","631,53","4,095","291,883","187"
"31350200","DIREITO - N","adc57e51a8b2b98fa75bb8af16cb5a76","270","0-20","7,989","6-8","1","0","7,989","387,277","6,646","322,188","187"
"31350200","DIREITO - N","faa845a2f0fc52c2a8e785de758358e7","270","0-20","8,767","8-10","1","0","8,767","605,36","7,293","503,619","187"
"31350200","DIREITO - N","bd9f950275df5f0352d41ac21a60e27d","270","0-20","8,933","8-10","1","0","8,933","652,092","7,432","542,496","187"
"31350200","DIREITO - N","116d7c9a14e2728ba4737997a9f13584","270","0-20","9,033","8-10","1","0","9,033","680,131","7,515","565,823","187"
"Cód. Curso","Curso","d3e803987dbd1320ba6f64f3e39f3222","CH integralizada","Faixa CH %","CRA","Faixa CRA","Semestres","Anos","MC","MCN","IEA","IEAN","Amostra"
"31350200","DIREITO - N","8d87455f54b5d9694c967bd327443362","0","0-20","0,0","0-2","1","0","","","","","187"
"31350200","DIREITO - N","8fae1e7eb4231e16b9ea097bd3f11a85","270","0-20","8,411","8-10","1","0","8,411","505,665","6,997","420,679","187"
"31350200","DIREITO - N","1acec84fd7d12533e64933209774c933","0","0-20","0,0","0-2","1","0","","","","","187"
"31350200","DIREITO - N","a840948f970f310c5a6f27dfff6fde2f","270","0-20","8,667","8-10","1","0","8,667","577,32","7,21","480,292","187"
"31350200","DIREITO - N","9e3c1d7a81cdfc49878e8dc0e2089d35","330","0-20","9,018","8-10","1","0","9,229","734,874","5,971","475,507","187"
"31350200","DIREITO - N","9b939f409b7fc2ca50658f0d09a7c72d","270","0-20","8,667","8-10","1","0","8,667","577,32","7,21","480,292","187"
"31350200","DIREITO - N","dce8c61010fb52945fc8c7d14ed2c994","0","0-20","0,0","0-2","1","0","","","","","187"
"31350200","DIREITO - N","ef0695ce3359bfb0e24bd466056d880f","660","0-20","8,709","8-10","1","0","9,4","782,942","12,165","1013,218","187"
"31350200","DIREITO - N","3f2e0d208e6d32c515f69b9e0467fe5c","270","0-20","8,944","8-10","1","0","8,944","655,207","7,441","545,088","187"
"31350200","DIREITO - N","254075183e9e25cf16d97e6722e5e795","270","0-20","8,933","8-10","1","0","8,933","652,092","7,432","542,496","187"
"31350200","DIREITO - N","bb02b290398b3c80bfb1336e42d5cc45","270","0-20","9,111","8-10","1","0","9,111","701,939","7,58","583,966","187"
"31350200","DIREITO - N","7dd2a010383c7c9f390400ef105c4968","405","0-20","8,204","8-10","1","0","8,443","514,566","4,249","258,965","187"
"31350200","DIREITO - N","9f43c62a1c3062b829b458663918a4e7","270","0-20","9,033","8-10","1","0","9,033","680,131","7,515","565,823","187"
"31350200","DIREITO - N","0293fb81f593adf319a03279d3932ece","270","0-20","8,456","8-10","1","0","8,456","518,126","7,034","431,046","187"
"31350200","DIREITO - N","9a2d93f48cc7b9db5c0e69100cbed447","2415","60-80","9,273","8-10","1","0","9,485","806,667","11,397","969,356","187"
"31350200","DIREITO - N","a4d44f0b1be1605b0ff085b05f429769","2505","60-80","6,645","6-8","35","17","8,584","554,046","4,643","299,719","187"
"31350200","DIREITO - N","7cb73d72649503e526dfa7fe1b41fcc8","2955","80-100","5,257","4-6","15","7","7,928","370,118","3,096","144,548","187"
"31350200","DIREITO - N","75cb566b4f6c0e7c83df7c2bce6e5999","2940","80-100","5,2","4-6","14","7","8,006","392,087","2,998","146,835","187"
"31350200","DIREITO - N","b675495d725c96763b068d0e28b67e4b","3150","80-100","8,094","8-10","13","6","8,369","493,922","5,921","349,455","187"
"31350200","DIREITO - N","547b5022c7b62f34eeee7f4761db1ac7","945","20-40","3,956","2-4","13","6","8,225","453,592","0,665","36,688","187"
"31350200","DIREITO - N","645b184140f4a6e38ee35ca8aded1ffb","3270","80-100","7,553","6-8","12","6","8,111","421,563","4,989","259,312","187"
"31350200","DIREITO - N","d17181cba5106a709c7e3c433e47a1be","3270","80-100","7,905","6-8","12","6","7,761","323,318","6,407","266,901","187"
"31350200","DIREITO - N","1e83054d6bb08c42381a37d872049580","870","20-40","2,169","2-4","12","6","7,203","167,045","0,406","9,41","187"
"31350200","DIREITO - N","977d7d0284e9ae80cebd46ce87730bd2","2445","60-80","6,36","6-8","12","6","7,471","242,111","4,705","152,465","187"
"31350200","DIREITO - N","51b2ee957af9014178e8dad7d14613db","3285","80-100","8,235","8-10","11","5","8,448","516,121","6,949","424,518","187"
"31350200","DIREITO - N","cd0a742626679eba9d422f7ad48f8de2","2895","80-100","8,072","8-10","11","5","8,066","408,827","5,9","299,049","187"
"31350200","DIREITO - N","8d0ff4fd2f4fbc24a2d5bbbb392612d9","3330","80-100","7,847","6-8","11","5","8,108","420,757","6,291","326,463","187"
"31350200","DIREITO - N","fdbf8642afe5bc25bab9b30fd4c18ed2","3315","80-100","8,223","8-10","10","5","8,195","445,036","8,143","442,231","187"
"31350200","DIREITO - N","accba290428f8ce5248c7bddd201f103","1275","20-40","3,744","2-4","10","5","8,125","425,526","1,238","64,826","187"
"31350200","DIREITO - N","29ff4ab7b89a05e6fc1c337b1f3496db","3315","80-100","8,472","8-10","10","5","8,472","522,722","8,653","533,923","187"
"31350200","DIREITO - N","f1a34f97a5d25470d33efef1962eab2b","3255","80-100","8,481","8-10","10","5","8,485","526,336","8,274","513,288","187"
"31350200","DIREITO - N","cb47ceb43300d1013d9a8bd349af110d","3240","80-100","7,788","6-8","10","5","8,591","556,158","6,944","449,52","187"
"31350200","DIREITO - N","b95772b5599a69775a3583ef0c3ca7e8","840","20-40","4,491","4-6","10","5","8,1","418,431","0,717","37,026","187"
"31350200","DIREITO - N","d980d7a0fdeb117c180e2f748a901e3d","3315","80-100","9,343","8-10","10","5","9,343","767,082","9,544","783,52","187"
"31350200","DIREITO - N","7c081fed75a71b9a184630eb29126acb","2790","60-80","8,385","8-10","10","5","8,566","548,98","6,522","418,002","187"
"31350200","DIREITO - N","fe434f41a4d750670dac312815997ab2","3330","80-100","8,483","8-10","10","5","8,484","526,203","8,274","513,159","187"
"Cód. Curso","Curso","d3e803987dbd1320ba6f64f3e39f3222","CH integralizada","Faixa CH %","CRA","Faixa CRA","Semestres","Anos","MC","MCN","IEA","IEAN","Amostra"
"31350200","DIREITO - N","1887e5a59340b74ed19b5681fa1d106f","3255","80-100","8,359","8-10","10","5","8,359","490,92","8,231","483,452","187"
"31350200","DIREITO - N","99cfbe4d326c4214af6c96ec838ebab0","3330","80-100","8,522","8-10","10","5","8,472","522,618","7,713","475,846","187"
"31350200","DIREITO - N","d1a8cbbf21f725f39f2c9954aba5980d","3315","80-100","8,462","8-10","10","5","8,425","509,593","8,061","487,539","187"
"31350200","DIREITO - N","0ead939aceec46b3d17ccf403d88ea76","3315","80-100","8,75","8-10","10","5","8,75","600,623","8,937","613,494","187"
"31350200","DIREITO - N","3d9733e1ee8925dbdaa7462716ac0f4a","2895","80-100","7,289","6-8","10","5","7,704","307,332","4,713","188,012","187"
"31350200","DIREITO - N","b8713d2c6b65a5851e529548385c1cd9","3255","80-100","8,654","8-10","10","5","8,734","596,318","8,444","576,472","187"
"31350200","DIREITO - N","dcd8e99c83138a3096a26fbf8668c4a2","3330","80-100","9,168","8-10","10","5","9,175","719,82","8,947","701,976","187"
"31350200","DIREITO - N","bbcbc85f5bbe48df2a82d5b1b8788dac","3315","80-100","8,524","8-10","10","5","8,533","539,799","8,009","506,648","187"
"31350200","DIREITO - N","8da951f4c8595ec680fbbab1230f21e5","3330","80-100","8,487","8-10","10","5","8,578","552,381","7,651","492,733","187"
"31350200","DIREITO - N","170fde513a748bd8ae2a8c14ec0e2265","3330","80-100","8,515","8-10","10","5","8,563","548,36","8,352","534,813","187"
"31350200","DIREITO - N","96cb2006116a807ef33cc1f8986dc6b7","1860","40-60","7,106","6-8","10","5","7,554","265,445","3,601","126,541","187"
"31350200","DIREITO - N","55cc7c35893c0103a7abcea682c0cd97","2880","80-100","7,831","6-8","10","5","7,862","351,686","6,213","277,934","187"
"31350200","DIREITO - N","614b19732aedbaf8803e6abbf071c48a","3330","80-100","8,334","8-10","10","5","8,411","505,713","7,428","446,617","187"
"31350200","DIREITO - N","acd0ab6d7ec12c7a633a3a67dc07df01","3240","80-100","7,65","6-8","10","5","7,82","339,974","7,42","322,573","187"
"31350200","DIREITO - N","6b0eaedd2f383cb1dbe8e9938760195a","3255","80-100","8,401","8-10","10","5","8,401","502,937","8,426","504,416","187"
"31350200","DIREITO - N","1c39137aabba920f2dc79ec14b5e1c90","3285","80-100","7,686","6-8","10","5","8,008","392,688","6,607","323,997","187"
"31350200","DIREITO - N","fe6f94b1fc090cb0d31368df493e41c0","2670","60-80","7,45","6-8","9","4","8,775","607,598","4,708","325,993","187"
"31350200","DIREITO - N","cf9195b3b1704b6e0625c634a425225a","1470","40-60","6,043","6-8","9","4","8,12","423,902","2,767","144,449","187"
"31350200","DIREITO - N","17e963f6c5006fd850ac277a073a71e7","2820","60-80","8,48","8-10","9","4","8,48","524,921","8,187","506,786","187"
"31350200","DIREITO - N","16dcc20b2f01885ae758e870cb99b763","3135","80-100","8,857","8-10","9","4","8,848","628,301","8,997","638,861","187"
"31350200","DIREITO - N","3b83ad9a63437bddcdcc9ed16155dd70","1350","20-40","6,028","6-8","9","4","8,038","400,985","2,2","109,734","187"
"31350200","DIREITO - N","f98a6bb73449f8c690b7b882ff570bd9","1695","40-60","8,325","8-10","9","4","8,325","481,458","3,016","174,425","187"
"31350200","DIREITO - N","07e91dcebe9cb66d24875b7cf04254a6","2130","40-60","8,789","8-10","9","4","9,099","698,405","5,179","397,535","187"
"31350200","DIREITO - N","a2d258bf0e3440e14da67dc007a73360","2820","60-80","7,783","6-8","9","4","7,783","329,541","7,514","318,156","187"
"31350200","DIREITO - N","17f985bec02989d82276a6d7f5aa9fa7","2820","60-80","8,156","8-10","9","4","8,132","427,27","7,601","399,391","187"
"31350200","DIREITO - N","e158862a42befe3d9eb85d06ec11a8a2","2895","80-100","8,631","8-10","9","4","8,637","568,99","8,161","537,645","187"
"31350200","DIREITO - N","f1df76f0fe937bfd0ceb7d06f9e4707b","2835","60-80","7,705","6-8","9","4","7,724","312,979","7,298","295,738","187"
"31350200","DIREITO - N","18c3d60f1d98d7afbd7d8b1adeabf64a","2820","60-80","8,839","8-10","9","4","8,839","625,743","8,534","604,125","187"
"31350200","DIREITO - N","fd8308526247593a81ce4a837859005f","2850","60-80","9,101","8-10","9","4","9,114","702,743","8,706","671,248","187"
"31350200","DIREITO - N","8809b921a6b354a92abc335650fe8554","2820","60-80","8,293","8-10","9","4","8,277","468,11","7,495","423,892","187"
"31350200","DIREITO - N","34ac851939f9333809379301ed62aa24","1155","20-40","5,149","4-6","9","4","7,881","356,901","1,533","69,409","187"
"31350200","DIREITO - N","243ab00e20ae5bcefabcfe2b94205dd8","2820","60-80","8,698","8-10","9","4","8,674","579,352","8,196","547,436","187"
"31350200","DIREITO - N","a3218858fb2b9a0390d0e6068a47582e","2835","60-80","8,228","8-10","9","4","8,234","455,919","7,78","430,803","187"
"31350200","DIREITO - N","7a6eea17da4d7a1ea01193abee006b75","2835","60-80","8,302","8-10","9","4","8,302","475,113","7,93","453,819","187"
"31350200","DIREITO - N","f94b44efb4c5d5c9daa123c8954a980c","2910","80-100","7,97","6-8","9","4","7,982","385,211","7,542","363,99","187"
"31350200","DIREITO - N","80a37d52fb45bd3456b1a2b540e17801","3060","80-100","8,16","8-10","9","4","8,16","435,2","8,548","455,924","187"
"Cód. Curso","Curso","d3e803987dbd1320ba6f64f3e39f3222","CH integralizada","Faixa CH %","CRA","Faixa CRA","Semestres","Anos","MC","MCN","IEA","IEAN","Amostra"
"31350200","DIREITO - N","ccd7c050ed410f143aa11687eceb0375","2820","60-80","8,562","8-10","9","4","8,552","545,218","8,081","515,182","187"
"31350200","DIREITO - N","d55b4b3ce20a7d4da79fbb4a3ca31549","570","0-20","2,277","2-4","9","4","7,132","146,893","0,374","7,707","187"
"31350200","DIREITO - N","6e8f4b8e6b650307f707721273136211","270","0-20","1,423","0-2","9","4","7,589","275,12","0,121","4,392","187"
"31350200","DIREITO - N","f89525655270103f40991111cb9a7a23","2820","60-80","7,993","6-8","9","4","7,993","388,304","7,716","374,889","187"
"31350200","DIREITO - N","fc3dd403f0205bfaf46260ca073bf7e1","2580","60-80","8,699","8-10","9","4","8,683","582,022","8,177","548,091","187"
"31350200","DIREITO - N","3452f8780648825ac57549ac0ffa4da6","2505","60-80","8,708","8-10","8","4","8,708","589,017","8,303","561,565","187"
"31350200","DIREITO - N","6db0878514c09bff2ec287f2d2f70451","1785","40-60","6,238","6-8","8","4","8,125","425,5","4,029","210,977","187"
"31350200","DIREITO - N","71def9f4dc60e12cc60b89683bef763b","2505","60-80","8,55","8-10","8","4","8,55","544,524","8,249","525,363","187"
"31350200","DIREITO - N","8d2d5c69fbca00a5eab085805c0fcffe","2715","60-80","8,726","8-10","8","4","8,726","593,948","8,022","546,044","187"
"31350200","DIREITO - N","cf4cf2346f5f3bc7e14829d9a4bc2890","1485","40-60","7,53","6-8","8","4","7,756","321,852","5,148","213,638","187"
"31350200","DIREITO - N","932bd394914bb960833c79207b27ba8e","1965","40-60","8,6","8-10","8","4","8,536","540,762","5,411","342,791","187"
"31350200","DIREITO - N","1877f79605682da15ad51c8976a72c50","2505","60-80","8,296","8-10","8","4","8,296","473,335","8,004","456,678","187"
"31350200","DIREITO - N","b34f373e3e986f8a5953181c57ecf842","2505","60-80","8,156","8-10","8","4","8,156","434,046","7,869","418,772","187"
"31350200","DIREITO - N","c943075bf1ec334343da0977a38af338","2130","40-60","7,387","6-8","8","4","7,975","383,284","5,88","282,596","187"
"31350200","DIREITO - N","09058fa2d1db97b8175c69b17cab6522","2505","60-80","8,593","8-10","8","4","8,593","556,781","8,291","537,188","187"
"31350200","DIREITO - N","c7baf7264b9269c46a78cd7c675f8058","2580","60-80","8,521","8-10","8","4","8,473","523,019","7,696","475,042","187"
"31350200","DIREITO - N","c737d50c1539db63ad37aea33187c7ca","2565","60-80","8,213","8-10","8","4","8,385","498,421","7,707","458,121","187"
"31350200","DIREITO - N","7ad257a9f09a3ad772589c0a82683161","2505","60-80","8,163","8-10","8","4","8,142","430,301","7,668","405,215","187"
"31350200","DIREITO - N","7cf98afd6e0eeb066ec0f3f712e1da3e","2580","60-80","8,41","8-10","8","4","8,332","483,455","7,846","455,27","187"
"31350200","DIREITO - N","45ee49d20d4624ba0267aec51dd25a32","2445","60-80","8,728","8-10","8","4","8,721","592,663","8,011","544,415","187"
"31350200","DIREITO - N","5dee64397f0517b1a6a2148dc1e1cd71","2505","60-80","7,996","6-8","8","4","7,996","389,385","7,715","375,683","187"
"31350200","DIREITO - N","1a98d824915efb277792a3750b4335e4","2550","60-80","8,836","8-10","8","4","8,864","632,768","8,348","595,879","187"
"31350200","DIREITO - N","7545151593d0874516aac24a6c12bb02","1530","40-60","8,87","8-10","8","4","8,903","643,631","2,957","213,752","187"
"31350200","DIREITO - N","543073cacd89a06623164e1802168e48","2880","80-100","8,979","8-10","8","4","8,943","654,811","8,525","624,202","187"
"31350200","DIREITO - N","5ce7b11cc20b04918e54569a7da36fe4","2505","60-80","8,098","8-10","8","4","8,076","411,723","7,605","387,72","187"
"31350200","DIREITO - N","708eb401672ec92fadc21b98846d82a4","2505","60-80","8,881","8-10","8","4","8,881","637,373","8,467","607,667","187"
"31350200","DIREITO - N","d5566b8c56f19bd801cfcdfbb22c8a5a","570","0-20","2,841","2-4","8","4","7,294","192,468","0,325","8,569","187"
"31350200","DIREITO - N","c74618b76c0444a6ea59d5d8e9197520","2565","60-80","7,872","6-8","8","4","7,947","375,426","7,483","353,54","187"
"31350200","DIREITO - N","1919b202878a2ba26a812e8d16792ec8","2505","60-80","8,081","8-10","8","4","8,076","411,723","7,605","387,72","187"
"31350200","DIREITO - N","2d51949c21ac33342f4caaf5b9ad797b","2010","40-60","8,737","8-10","7","3","8,59","555,824","7,94","513,787","187"
"31350200","DIREITO - N","5c06e8d635ae44a42d28b8ae3af75cc7","1800","40-60","8,048","8-10","7","3","8,048","403,944","5,466","274,33","187"
"31350200","DIREITO - N","abb8db7b072b0d9ece3aedccaab96690","2130","40-60","8,413","8-10","7","3","8,413","506,103","7,888","474,51","187"
"31350200","DIREITO - N","7965a406cf31c9520dbd4d6ba22981a9","870","20-40","6,267","6-8","7","3","8,428","510,284","1,418","85,864","187"
"31350200","DIREITO - N","b8b0e44833709bbda8ebe7487160bb4f","2190","60-80","9,137","8-10","7","3","9,137","709,194","8,808","683,653","187"
"31350200","DIREITO - N","34da9d2511e74e0ceff72ad3715d258e","2130","40-60","8,401","8-10","7","3","8,401","502,944","7,877","471,548","187"
"31350200","DIREITO - N","bae0d859f7312692473a6980992a03fe","2160","60-80","8,49","8-10","7","3","8,49","527,862","8,072","501,881","187"
"Cód. Curso","Curso","d3e803987dbd1320ba6f64f3e39f3222","CH integralizada","Faixa CH %","CRA","Faixa CRA","Semestres","Anos","MC","MCN","IEA","IEAN","Amostra"
"31350200","DIREITO - N","e85d7ec484f7319a7774ba15784c7311","1920","40-60","8,866","8-10","7","3","8,866","633,107","8,741","624,24","187"
"31350200","DIREITO - N","df920de5a743c828a77832feb28a6ae5","1980","40-60","7,787","6-8","7","3","8,141","429,902","6,596","348,295","187"
"31350200","DIREITO - N","2db1ea5be1c5cc551c8f96fb67ef035f","2340","60-80","8,331","8-10","7","3","8,331","483,137","8,581","497,637","187"
"31350200","DIREITO - N","b897650d434a74c5a047db57cc312897","1800","40-60","8,548","8-10","7","3","8,548","544,141","7,902","502,987","187"
"31350200","DIREITO - N","7e29e36bd9c04603254a13b31acc8d11","2130","40-60","8,725","8-10","7","3","8,725","593,775","8,181","556,709","187"
"31350200","DIREITO - N","1007092facf79298ede4dc27d4a73334","2130","40-60","9,09","8-10","7","3","9,09","696,059","8,523","652,608","187"
"31350200","DIREITO - N","975e7807fc890c8b1d21b875677832b7","2400","60-80","8,912","8-10","7","3","8,912","646,25","9,415","682,713","187"
"31350200","DIREITO - N","bc39787c49544401eac3bbfbf23f57ac","1470","40-60","6,515","6-8","7","3","7,978","384,098","3,613","173,974","187"
"31350200","DIREITO - N","5e15ff2d7e516756f871c1b6d7b0b519","2145","60-80","7,58","6-8","7","3","7,58","272,745","7,157","257,52","187"
"31350200","DIREITO - N","fa8f5341ce21b4a8a58763ed435ebbd0","1800","40-60","8,675","8-10","7","3","8,675","579,657","5,808","388,117","187"
"31350200","DIREITO - N","7e08bae2d37e8ebdd106084e81f114d0","2160","60-80","8,34","8-10","7","3","8,34","485,803","7,93","461,892","187"
"31350200","DIREITO - N","515334c1d2bf01db122038d2291bf51a","2040","40-60","8,59","8-10","7","3","8,428","510,363","7,92","479,627","187"
"31350200","DIREITO - N","9441bcf914a006ab4be4ead3a054dc98","1470","40-60","8,222","8-10","7","3","8,222","452,765","3,778","208,048","187"
"31350200","DIREITO - N","5b70de389da14aa38d0c7fe9236ed62f","2130","40-60","8,373","8-10","7","3","8,373","495,046","7,851","464,142","187"
"31350200","DIREITO - N","a5eef49d700ab70e4c6cfbba860aa40e","1830","40-60","9,192","8-10","7","3","9,192","724,565","8,638","680,929","187"
"31350200","DIREITO - N","7ea583b6dbf9bc9cd52f822b6e6fc397","2130","40-60","8,955","8-10","7","3","8,955","658,147","8,396","617,062","187"
"31350200","DIREITO - N","324b9027745106ad5497d93f9c5507f8","1800","40-60","7,2","6-8","7","3","8,4","502,549","5,705","341,296","187"
"31350200","DIREITO - N","182679cec00021bdf74ef5998765b594","2040","40-60","7,434","6-8","7","3","7,638","288,956","6,569","248,507","187"
"31350200","DIREITO - N","5d5122af450a6ba442c5d1f2326df0ca","570","0-20","4,591","4-6","7","3","7,974","383,013","0,567","27,252","187"
"31350200","DIREITO - N","6a09f036fd3914152d88d788fcf49794","1740","40-60","8,033","8-10","6","3","8,448","516,085","7,178","438,472","187"
"31350200","DIREITO - N","373eace8304df71f3e5b7eb270643097","360","0-20","2,336","2-4","6","3","8,143","430,448","0,236","12,498","187"
"31350200","DIREITO - N","5627c7d94a055fd9e5962e23edfdc8a5","1800","40-60","8,535","8-10","6","3","8,535","540,402","7,889","499,531","187"
"31350200","DIREITO - N","1ca78664e6068281e5a35cc1c43ce2b4","1740","40-60","8,305","8-10","6","3","8,305","475,96","7,174","411,121","187"
"31350200","DIREITO - N","3f6b7682d16b7c06017059889b68d5d0","1800","40-60","8,63","8-10","6","3","8,63","567,039","7,977","524,154","187"
"31350200","DIREITO - N","8af3fb2c55156f93351f2691c0392766","1800","40-60","8,75","8-10","6","3","8,75","600,686","8,088","555,256","187"
"31350200","DIREITO - N","1f7a493cb7a317f6044d4809a69517b7","1800","40-60","7,795","6-8","6","3","7,795","332,912","7,205","307,733","187"
"31350200","DIREITO - N","55602f96171f92e1964038d696e31728","1800","40-60","7,717","6-8","6","3","7,717","310,948","7,133","287,431","187"
"31350200","DIREITO - N","82c1eb219047e56bfe046e4a63d8228d","1800","40-60","7,923","6-8","6","3","7,923","368,895","7,324","340,996","187"
"31350200","DIREITO - N","a509d77485b93c5c0b6db9dfd485e53a","1410","20-40","7,06","6-8","6","3","8,217","451,243","4,74","260,285","187"
"31350200","DIREITO - N","0439dc5e292ae6f19a317cae0bd059d4","1800","40-60","8,552","8-10","6","3","8,552","545,075","7,905","503,851","187"
"31350200","DIREITO - N","6ede28746a90d8852ecb7a2d728f79b5","1800","40-60","8,65","8-10","6","3","8,65","572,647","7,996","529,338","187"
"31350200","DIREITO - N","d5582ad660b55e1d41b8d2e2b5a9fa75","1245","20-40","6,694","6-8","6","3","8,292","472,236","2,964","168,813","187"
"31350200","DIREITO - N","08787fe7551d67cff2be43ad5a6aacff","1800","40-60","8,585","8-10","6","3","8,585","554,422","7,936","512,491","187"
"31350200","DIREITO - N","1129f99c23e0353f0c44b3c7b514f741","1800","40-60","8,342","8-10","6","3","8,342","486,193","7,711","449,422","187"
"31350200","DIREITO - N","1bde3fc359c12ca1a46b50c9d277d73c","1740","40-60","7,753","6-8","6","3","7,753","321,261","6,928","287,065","187"
"31350200","DIREITO - N","e33075564b0d47b8bf713fc68b8445e8","1800","40-60","7,733","6-8","6","3","7,733","315,621","7,148","291,75","187"
"Cód. Curso","Curso","d3e803987dbd1320ba6f64f3e39f3222","CH integralizada","Faixa CH %","CRA","Faixa CRA","Semestres","Anos","MC","MCN","IEA","IEAN","Amostra"
"31350200","DIREITO - N","2a8450a89ee67208502034d0c3f583dd","1800","40-60","8,223","8-10","6","3","8,223","453,013","7,601","418,752","187"
"31350200","DIREITO - N","128b973577177c6457dfc2f2e963d1e5","1740","40-60","8,717","8-10","6","3","8,761","603,691","7,054","486,109","187"
"31350200","DIREITO - N","9609af70f1a898d080edac3792674b1c","1800","40-60","8,23","8-10","6","3","8,23","454,882","7,608","420,48","187"
"31350200","DIREITO - N","22f495d59d63045b463b33427fb328d1","270","0-20","1,222","0-2","6","3","6,111","-139,238","0,203","-4,633","187"
"31350200","DIREITO - N","31995ccdd59a2d0ded844ef92d8b07de","1800","40-60","8,182","8-10","6","3","8,182","441,33","7,563","407,952","187"
"31350200","DIREITO - N","ada24edc0644acc3205d6fbad56dde67","1800","40-60","8,222","8-10","6","3","8,222","452,546","7,6","418,32","187"
"31350200","DIREITO - N","faa788bd02578c8daac85483f598e443","1170","20-40","8,564","8-10","6","3","8,514","534,594","6,887","432,392","187"
"31350200","DIREITO - N","fd7c2707bedca12d36c265a20b7f694f","1800","40-60","8,217","8-10","6","3","8,217","451,144","7,595","417,024","187"
